instno,instlvl,couninstno,cityinstno,instname,fullname,shortname,status
34,0,000000,0000,安徽省,安徽省,安徽省,0
3401,1,000000,3401,合肥地区,合肥,合肥,0
340101,2,340101,3401,合肥市,合肥市,合肥市,0
340101011,3,340101,3401,合肥市大铺头营业所,合肥市大铺头营业所,大铺头营业所,0
340101012,3,340101,3401,合肥市王大郢营业所,合肥市王大郢营业所,王大郢营业所,9
340101015,3,340101,3401,合肥市银菱营业所,合肥市银菱营业所,银菱营业所,0
340101016,3,340101,3401,合肥市四川路营业所,合肥市四川路营业所,四川路营业所,0
340101017,3,340101,3401,合肥市安庆路营业所,合肥市安庆路营业所,安庆路营业所,0
340101018,3,340101,3401,合肥市太湖东路营业所,合肥市太湖东路营业所,太湖东路营业所,0
340101021,3,340101,3401,合肥市华府骏苑营业所,合肥市华府骏苑营业所,华府骏苑营业所,0
340101023,3,340101,3401,合肥市黄山路营业所,合肥市黄山路营业所,黄山路营业所,0
340101024,3,340101,3401,合肥市青阳北路营业所,合肥市青阳北路营业所,青阳北路营业所,0
340101025,3,340101,3401,合肥市亳州路营业所,合肥市亳州路营业所,亳州路营业所,0
340101028,3,340101,3401,合肥市海恒营业所,合肥市海恒营业所,海恒营业所,9
340101029,3,340101,3401,合肥市三里街营业所,合肥市三里街营业所,三里街营业所,0
340101031,3,340101,3401,合肥市华源营业所,合肥市华源营业所,华源营业所,0
340101032,3,340101,3401,合肥市东七营业所,合肥市东七营业所,东七营业所,0
340101034,3,340101,3401,合肥市金寨南路营业所,合肥市金寨南路营业所,金寨南路营业所,0
340101036,3,340101,3401,合肥市潜山路营业所,合肥市潜山路营业所,潜山路营业所,0
340101037,3,340101,3401,合肥市莲花营业所,合肥市莲花营业所,莲花营业所,0
340101038,3,340101,3401,合肥市郎溪路营业所,合肥市郎溪路营业所,郎溪路营业所,0
340101039,3,340101,3401,合肥市琥珀山庄营业所,合肥市琥珀山庄营业所,琥珀山庄营业所,0
340101040,3,340101,3401,合肥市淝河营业所,合肥市淝河营业所,淝河营业所,0
340101042,3,340101,3401,合肥市望江西路营业所,合肥市望江西路营业所,望江西路营业所,0
340101043,3,340101,3401,合肥市晓星营业所,合肥市晓星营业所,晓星营业所,0
340101044,3,340101,3401,合肥市安农大营业所,合肥市安农大营业所,安农大营业所,0
340101045,3,340101,3401,合肥市康园营业所,合肥市康园营业所,康园营业所,0
340101047,3,340101,3401,合肥市轻机厂营业所,合肥市轻机厂营业所,轻机厂营业所,0
340101049,3,340101,3401,合肥市望江东路营业所,合肥市望江东路营业所,望江东路营业所,0
340101050,3,340101,3401,合肥市包河苑营业所,合肥市包河苑营业所,包河苑营业所,0
340101051,3,340101,3401,合肥市化三院营业所,合肥市化三院营业所,化三院营业所,0
340101052,3,340101,3401,合肥市西园新村支行,合肥市西园新村支行,西园新村支行,0
340101053,3,340101,3401,合肥市长淮营业所,合肥市长淮营业所,长淮营业所,0
340101054,3,340101,3401,合肥市站西路营业所,合肥市站西路营业所,站西路营业所,0
340101057,3,340101,3401,合肥市东流路营业所,合肥市东流路营业所,东流路营业所,0
340101059,3,340101,3401,合肥市合作化北路营业所 ,合肥市合作化北路营业所 ,合作化北路营业所,0
340101061,3,340101,3401,合肥市东陈岗营业所,合肥市东陈岗营业所,东陈岗营业所,0
340101062,3,340101,3401,合肥市花冲营业所,合肥市花冲营业所,花冲营业所,0
340101064,3,340101,3401,合肥市锦绣营业所,合肥市锦绣营业所,锦绣营业所,0
340101065,3,340101,3401,合肥市西藏路营业所,合肥市西藏路营业所,西藏路营业所,0
340101066,3,340101,3401,合肥市炮院营业所,合肥市炮院营业所,炮院营业所,0
340101067,3,340101,3401,合肥市马鞍山路营业所,合肥市马鞍山路营业所,马鞍山路营业所,0
340121,2,340121,3401,长丰县,长丰县,长丰县,0
340121001,3,340121,3401,长丰县长寿路营业所,长丰县长寿路营业所,长寿路营业所,0
340121003,3,340121,3401,长丰县杜集营业所,长丰县杜集营业所,杜集营业所,0
340121004,3,340121,3401,长丰县朱巷镇营业所,长丰县朱巷镇营业所,朱巷镇营业所,0
340121005,3,340121,3401,长丰县下塘镇营业所,长丰县下塘镇营业所,下塘镇营业所,0
340121007,3,340121,3401,长丰县三十头镇营业所,长丰县三十头镇营业所,三十头镇营业所,0
340121008,3,340121,3401,长丰县岗集镇营业所,长丰县岗集镇营业所,岗集镇营业所,0
340121009,3,340121,3401,长丰县吴山镇营业所,长丰县吴山镇营业所,吴山镇营业所,0
340121010,3,340121,3401,长丰县杨庙镇营业所,长丰县杨庙镇营业所,杨庙镇营业所,0
340121011,3,340121,3401,长丰县庄墓镇营业所,长丰县庄墓镇营业所,庄墓镇营业所,0
340121017,3,340121,3401,长丰县义井营业所,长丰县义井营业所,义井营业所,0
340121018,3,340121,3401,长丰县双凤营业所,长丰县双凤营业所,双凤营业所,0
340121020,3,340121,3401,长丰县造甲营业所,长丰县造甲营业所,造甲营业所,0
340122,2,340122,3401,肥东县,肥东县,肥东县,0
340122001,3,340122,3401,肥东县青春营业所,肥东县青春营业所,青春营业所,0
340122002,3,340122,3401,肥东县花园营业所,肥东县花园营业所,花园营业所,0
340122003,3,340122,3401,肥东县西山驿镇营业所,肥东县西山驿镇营业所,西山驿镇营业所,0
340122004,3,340122,3401,肥东县元疃镇营业所,肥东县元疃镇营业所,元疃镇营业所,0
340122005,3,340122,3401,肥东县阚集营业所,肥东县阚集营业所,阚集营业所,0
340122006,3,340122,3401,肥东县龙塘营业所,肥东县龙塘营业所,龙塘营业所,0
340122007,3,340122,3401,肥东县长乐乡营业所,肥东县长乐乡营业所,长乐乡营业所,0
340122008,3,340122,3401,肥东县金泰营业所,肥东县金泰营业所,金泰营业所,0
340122009,3,340122,3401,肥东县长江大市场营业所 ,肥东县长江大市场营业所 ,长江大市场营业所,0
340122011,3,340122,3401,肥东县长临河镇营业所,肥东县长临河镇营业所,长临河镇营业所,0
340122012,3,340122,3401,肥东县石塘镇营业所,肥东县石塘镇营业所,石塘镇营业所,0
340122013,3,340122,3401,肥东县八斗镇营业所,肥东县八斗镇营业所,八斗镇营业所,0
340122014,3,340122,3401,肥东县梁园镇营业所,肥东县梁园镇营业所,梁园镇营业所,0
340122015,3,340122,3401,肥东县古城镇营业所,肥东县古城镇营业所,古城镇营业所,0
340122016,3,340122,3401,肥东县桥头集镇营业所,肥东县桥头集镇营业所,桥头集镇营业所,0
340122017,3,340122,3401,肥东县白龙镇营业所,肥东县白龙镇营业所,白龙镇营业所,0
340122018,3,340122,3401,肥东县马岗营业所,肥东县马岗营业所,马岗营业所,0
340122019,3,340122,3401,肥东县六家畈营业所,肥东县六家畈营业所,六家畈营业所,0
340122020,3,340122,3401,肥东县店东营业所,肥东县店东营业所,店东营业所,0
340122021,3,340122,3401,肥东县包公桥营业所,肥东县包公桥营业所,包公桥营业所,0
340123,2,340123,3401,肥西县,肥西县,肥西县,0
340123001,3,340123,3401,肥西县巢湖南路营业所,肥西县巢湖南路营业所,巢湖南路营业所,0
340123005,3,340123,3401,肥西县官亭镇营业所,肥西县官亭镇营业所,官亭镇营业所,0
340123006,3,340123,3401,肥西县花岗镇营业所,肥西县花岗镇营业所,花岗镇营业所,0
340123007,3,340123,3401,肥西县高刘镇营业所,肥西县高刘镇营业所,高刘镇营业所,0
340123008,3,340123,3401,肥西县山南镇营业所,肥西县山南镇营业所,山南镇营业所,0
340123010,3,340123,3401,肥西县丰乐镇支行,肥西县丰乐镇支行,丰乐镇支行,0
340123011,3,340123,3401,肥西县小庙镇营业所,肥西县小庙镇营业所,小庙镇营业所,0
340123013,3,340123,3401,肥西县严店乡营业所,肥西县严店乡营业所,严店乡营业所,0
340123014,3,340123,3401,肥西县长岗乡营业所,肥西县长岗乡营业所,长岗乡营业所,0
340123015,3,340123,3401,肥西县南岗营业所,肥西县南岗营业所,南岗营业所,0
340123016,3,340123,3401,肥西县巢湖北路营业所,肥西县巢湖北路营业所,巢湖北路营业所,0
340123018,3,340123,3401,肥西县城关巢湖路营业所 ,肥西县城关巢湖路营业所 ,城关巢湖路营业所,0
340123019,3,340123,3401,肥西县普贤路营业所,肥西县普贤路营业所,普贤路营业所,0
340124,2,340124,3401,庐江县,庐江县,庐江县,0
340124001,3,340124,3401,庐江县城西营业所,庐江县城西营业所,城西营业所,0
340124002,3,340124,3401,庐江县邮政大楼营业所,庐江县邮政大楼营业所,邮政大楼营业所,0
340124003,3,340124,3401,庐江县城南营业所,庐江县城南营业所,城南营业所,0
340124004,3,340124,3401,庐江县泥河镇营业所,庐江县泥河镇营业所,泥河镇营业所,0
340124005,3,340124,3401,庐江县柯坦镇营业所,庐江县柯坦镇营业所,柯坦镇营业所,0
340124006,3,340124,3401,庐江县盛桥镇营业所,庐江县盛桥镇营业所,盛桥镇营业所,0
340124008,3,340124,3401,庐江县乐桥镇营业所,庐江县乐桥镇营业所,乐桥镇营业所,0
340124009,3,340124,3401,庐江县罗河镇营业所,庐江县罗河镇营业所,罗河镇营业所,0
340124010,3,340124,3401,庐江县白湖镇营业所,庐江县白湖镇营业所,白湖镇营业所,0
340124011,3,340124,3401,庐江县长岗营业所,庐江县长岗营业所,长岗营业所,0
340124012,3,340124,3401,庐江县矾山镇营业所,庐江县矾山镇营业所,矾山镇营业所,0
340124013,3,340124,3401,庐江县缺口营业所,庐江县缺口营业所,缺口营业所,0
340124014,3,340124,3401,庐江县石头镇营业所,庐江县石头镇营业所,石头镇营业所,0
340124015,3,340124,3401,庐江县裴岗营业所,庐江县裴岗营业所,裴岗营业所,0
340124016,3,340124,3401,庐江县白山镇营业所,庐江县白山镇营业所,白山镇营业所,0
340124017,3,340124,3401,庐江县金牛镇营业所,庐江县金牛镇营业所,金牛镇营业所,0
340124018,3,340124,3401,庐江县汤池镇营业所,庐江县汤池镇营业所,汤池镇营业所,0
340124019,3,340124,3401,庐江县沙溪营业所,庐江县沙溪营业所,沙溪营业所,0
340124020,3,340124,3401,庐江县冶山镇营业所,庐江县冶山镇营业所,冶山镇营业所,0
340124021,3,340124,3401,庐江县罗埠营业所,庐江县罗埠营业所,罗埠营业所,0
340124022,3,340124,3401,庐江县黄屯营业所,庐江县黄屯营业所,黄屯营业所,0
340124023,3,340124,3401,庐江县同大镇营业所,庐江县同大镇营业所,同大镇营业所,0
340124024,3,340124,3401,庐江县大化营业所,庐江县大化营业所,大化营业所,0
340124025,3,340124,3401,庐江县大厦新村营业所,庐江县大厦新村营业所,大厦新村营业所,0
340181,2,340181,3401,巢湖市,巢湖市,巢湖市,0
340181003,3,340181,3401,巢湖市人民路营业所,巢湖市人民路营业所,人民路营业所,0
340181004,3,340181,3401,巢湖市凤凰山营业所,巢湖市凤凰山营业所,凤凰山营业所,0
340181005,3,340181,3401,巢湖市东风西路营业所,巢湖市东风西路营业所,东风西路营业所,0
340181006,3,340181,3401,巢湖市半汤镇营业所,巢湖市半汤镇营业所,半汤镇营业所,0
340181007,3,340181,3401,巢湖市巢柘路营业所,巢湖市巢柘路营业所,巢柘路营业所,0
340181008,3,340181,3401,巢湖市灯塔营业所,巢湖市灯塔营业所,灯塔营业所,0
340181009,3,340181,3401,巢湖市健康东路营业所,巢湖市健康东路营业所,健康东路营业所,0
340181010,3,340181,3401,巢湖市坝镇营业所,巢湖市坝镇营业所,坝镇营业所,0
340181011,3,340181,3401,巢湖市槐林镇营业所,巢湖市槐林镇营业所,槐林镇营业所,0
340181012,3,340181,3401,巢湖市散兵镇营业所,巢湖市散兵镇营业所,散兵镇营业所,0
340181013,3,340181,3401,巢湖市银屏镇营业所,巢湖市银屏镇营业所,银屏镇营业所,0
340181016,3,340181,3401,巢湖市忠庙营业所,巢湖市忠庙营业所,忠庙营业所,0
340181017,3,340181,3401,巢湖市中垾镇营业所,巢湖市中垾镇营业所,中垾镇营业所,0
340181018,3,340181,3401,巢湖市夏阁镇营业所,巢湖市夏阁镇营业所,夏阁镇营业所,0
340181020,3,340181,3401,巢湖市苏湾镇支行,巢湖市苏湾镇支行,苏湾镇支行,0
340181021,3,340181,3401,巢湖市烔炀北门营业所,巢湖市烔炀北门营业所,烔炀北门营业所,0
340181022,3,340181,3401,巢湖市司集支行,巢湖市司集支行,司集支行,0
340181023,3,340181,3401,巢湖市栏杆镇营业所,巢湖市栏杆镇营业所,栏杆镇营业所,0
340181024,3,340181,3401,巢湖市官圩路营业所,巢湖市官圩路营业所,官圩路营业所,0
340181025,3,340181,3401,巢湖市东塘路营业所,巢湖市东塘路营业所,东塘路营业所,0
340181026,3,340181,3401,巢湖市大市场营业所,巢湖市大市场营业所,大市场营业所,0
3402,1,000000,3402,芜湖地区,芜湖,芜湖,0
340201,2,340201,3402,芜湖市,芜湖市,芜湖市,0
340201002,3,340201,3402,芜湖市九华山营业所,芜湖市九华山营业所,九华山营业所,0
340201004,3,340201,3402,芜湖市新芜路营业所,芜湖市新芜路营业所,新芜路营业所,0
340201005,3,340201,3402,芜湖市四褐山营业所,芜湖市四褐山营业所,四褐山营业所,0
340201006,3,340201,3402,芜湖市裕溪口营业所,芜湖市裕溪口营业所,裕溪口营业所,0
340201010,3,340201,3402,芜湖市融汇锦江营业所,芜湖市融汇锦江营业所,融汇锦江营业所,0
340201011,3,340201,3402,芜湖市绿地营业所,芜湖市绿地营业所,绿地营业所,0
340201013,3,340201,3402,芜湖市团结东路营业所,芜湖市团结东路营业所,团结东路营业所,0
340201015,3,340201,3402,芜湖市中央城营业所,芜湖市中央城营业所,中央城营业所,0
340201016,3,340201,3402,芜湖市南瑞营业所,芜湖市南瑞营业所,南瑞营业所,9
340201017,3,340201,3402,芜湖市伟星城营业所,芜湖市伟星城营业所,伟星城营业所,0
340201018,3,340201,3402,芜湖市绿影营业所,芜湖市绿影营业所,绿影营业所,0
340201019,3,340201,3402,芜湖市康复路营业所,芜湖市康复路营业所,康复路营业所,0
340201020,3,340201,3402,芜湖市弋江嘉园营业所,芜湖市弋江嘉园营业所,弋江嘉园营业所,0
340201021,3,340201,3402,芜湖市解放东路营业所,芜湖市解放东路营业所,解放东路营业所,9
340201022,3,340201,3402,芜湖市西洋里营业所,芜湖市西洋里营业所,西洋里营业所,0
340201023,3,340201,3402,芜湖市枣园营业所,芜湖市枣园营业所,枣园营业所,0
340201024,3,340201,3402,芜湖市利民路营业所,芜湖市利民路营业所,利民路营业所,0
340201026,3,340201,3402,芜湖市左岸营业所,芜湖市左岸营业所,左岸营业所,0
340201027,3,340201,3402,芜湖市月牙路营业所,芜湖市月牙路营业所,月牙路营业所,0
340201028,3,340201,3402,芜湖市王家巷营业所,芜湖市王家巷营业所,王家巷营业所,0
340201032,3,340201,3402,芜湖市北京路营业所,芜湖市北京路营业所,北京路营业所,0
340201034,3,340201,3402,芜湖市弋江桥营业所,芜湖市弋江桥营业所,弋江桥营业所,0
340201035,3,340201,3402,芜湖市方村营业所,芜湖市方村营业所,方村营业所,0
340201037,3,340201,3402,芜湖市保定营业所,芜湖市保定营业所,保定营业所,0
340201038,3,340201,3402,芜湖市新淮营业所,芜湖市新淮营业所,新淮营业所,0
340201039,3,340201,3402,芜湖市峨桥营业所,芜湖市峨桥营业所,峨桥营业所,0
340201040,3,340201,3402,芜湖市中沟营业所,芜湖市中沟营业所,中沟营业所,0
340201041,3,340201,3402,芜湖市小洲营业所,芜湖市小洲营业所,小洲营业所,0
340201042,3,340201,3402,芜湖市清水营业所,芜湖市清水营业所,清水营业所,0
340201043,3,340201,3402,芜湖市火龙岗营业所,芜湖市火龙岗营业所,火龙岗营业所,0
340201044,3,340201,3402,芜湖市荆山营业所,芜湖市荆山营业所,荆山营业所,0
340201045,3,340201,3402,芜湖市白马山营业所,芜湖市白马山营业所,白马山营业所,0
340201047,3,340201,3402,芜湖市鲁港营业所,芜湖市鲁港营业所,鲁港营业所,0
340201048,3,340201,3402,芜湖市开发区营业所,芜湖市开发区营业所,开发区营业所,0
340201049,3,340201,3402,芜湖市开发区营业所,芜湖市开发区营业所,开发区营业所,0
340201052,3,340201,3402,芜湖市万春营业所,芜湖市万春营业所,万春营业所,0
340201053,3,340201,3402,芜湖市方村营业所,芜湖市方村营业所,方村营业所,0
340201054,3,340201,3402,芜湖市沈巷镇营业所,芜湖市沈巷镇营业所,沈巷镇营业所,0
340201055,3,340201,3402,芜湖市五显营业所,芜湖市五显营业所,五显营业所,0
340221,2,340221,3402,芜湖县,芜湖县,芜湖县,0
340221002,3,340221,3402,芜湖县殷港营业所,芜湖县殷港营业所,殷港营业所,0
340221003,3,340221,3402,芜湖县沚津路营业所,芜湖县沚津路营业所,沚津路营业所,0
340221004,3,340221,3402,芜湖县开发区营业所,芜湖县开发区营业所,开发区营业所,0
340221007,3,340221,3402,芜湖县三元营业所,芜湖县三元营业所,三元营业所,0
340221010,3,340221,3402,芜湖县红杨营业所,芜湖县红杨营业所,红杨营业所,0
340221012,3,340221,3402,芜湖县西河营业所,芜湖县西河营业所,西河营业所,0
340221013,3,340221,3402,芜湖县陶辛镇营业所,芜湖县陶辛镇营业所,陶辛镇营业所,0
340222,2,340222,3402,繁昌县,繁昌县,繁昌县,0
340222002,3,340222,3402,繁昌县西门桥营业所,繁昌县西门桥营业所,西门桥营业所,0
340222003,3,340222,3402,繁昌县城南营业所,繁昌县城南营业所,城南营业所,0
340222005,3,340222,3402,繁昌县荻港镇营业所,繁昌县荻港镇营业所,荻港镇营业所,0
340222007,3,340222,3402,繁昌县新港营业所,繁昌县新港营业所,新港营业所,0
340222009,3,340222,3402,繁昌县赤沙营业所,繁昌县赤沙营业所,赤沙营业所,0
340222010,3,340222,3402,繁昌县横山镇营业所,繁昌县横山镇营业所,横山镇营业所,0
340222011,3,340222,3402,繁昌县高安营业所,繁昌县高安营业所,高安营业所,0
340222012,3,340222,3402,繁昌县黄浒营业所,繁昌县黄浒营业所,黄浒营业所,0
340222016,3,340222,3402,繁昌县马坝营业所,繁昌县马坝营业所,马坝营业所,0
340222017,3,340222,3402,繁昌县平甫营业所,繁昌县平甫营业所,平甫营业所,0
340222022,3,340222,3402,繁昌县春谷营业所,繁昌县春谷营业所,春谷营业所,0
340223,2,340223,3402,南陵县,南陵县,南陵县,0
340223002,3,340223,3402,南陵县籍山路营业所,南陵县籍山路营业所,籍山路营业所,0
340223003,3,340223,3402,南陵县东门营业所,南陵县东门营业所,东门营业所,0
340223004,3,340223,3402,南陵县文庙路营业所,南陵县文庙路营业所,文庙路营业所,0
340223005,3,340223,3402,南陵县弋江镇营业所,南陵县弋江镇营业所,弋江镇营业所,0
340223006,3,340223,3402,南陵县何湾镇营业所,南陵县何湾镇营业所,何湾镇营业所,0
340223008,3,340223,3402,南陵县峨岭营业所,南陵县峨岭营业所,峨岭营业所,0
340223009,3,340223,3402,南陵县三里营业所,南陵县三里营业所,三里营业所,0
340223010,3,340223,3402,南陵县代镇营业所,南陵县代镇营业所,代镇营业所,0
340223011,3,340223,3402,南陵县烟墩营业所,南陵县烟墩营业所,烟墩营业所,0
340223012,3,340223,3402,南陵县奚滩营业所,南陵县奚滩营业所,奚滩营业所,0
340223013,3,340223,3402,南陵县蒲桥营业所,南陵县蒲桥营业所,蒲桥营业所,0
340223014,3,340223,3402,南陵县工山镇营业所,南陵县工山镇营业所,工山镇营业所,0
340223017,3,340223,3402,南陵县家发镇营业所,南陵县家发镇营业所,家发镇营业所,0
340223018,3,340223,3402,南陵县葛林营业所,南陵县葛林营业所,葛林营业所,0
340225,2,340225,3402,无为县,无为县,无为县,0
340225001,3,340225,3402,无为县十字街营业所,无为县十字街营业所,十字街营业所,0
340225002,3,340225,3402,无为县北门营业所,无为县北门营业所,北门营业所,0
340225004,3,340225,3402,无为县汤沟镇营业所,无为县汤沟镇营业所,汤沟镇营业所,0
340225006,3,340225,3402,无为县石涧镇营业所,无为县石涧镇营业所,石涧镇营业所,0
340225007,3,340225,3402,无为县蜀山镇营业所,无为县蜀山镇营业所,蜀山镇营业所,0
340225008,3,340225,3402,无为县江坝营业所,无为县江坝营业所,江坝营业所,0
340225009,3,340225,3402,无为县无中营业所,无为县无中营业所,无中营业所,0
340225010,3,340225,3402,无为县牛埠镇营业所,无为县牛埠镇营业所,牛埠镇营业所,0
340225011,3,340225,3402,无为县开城镇营业所,无为县开城镇营业所,开城镇营业所,0
340225012,3,340225,3402,无为县泉塘镇营业所,无为县泉塘镇营业所,泉塘镇营业所,0
340225013,3,340225,3402,无为县土桥营业所,无为县土桥营业所,土桥营业所,0
340225014,3,340225,3402,无为县襄安镇营业所,无为县襄安镇营业所,襄安镇营业所,0
340225015,3,340225,3402,芜湖市二坝镇营业所,芜湖市二坝镇营业所,二坝镇营业所,0
340225016,3,340225,3402,无为县陡沟镇营业所,无为县陡沟镇营业所,陡沟镇营业所,0
340225017,3,340225,3402,无为县凤河路营业所,无为县凤河路营业所,凤河路营业所,0
340225018,3,340225,3402,无为县姚沟镇营业所,无为县姚沟镇营业所,姚沟镇营业所,0
340225019,3,340225,3402,无为县严桥镇营业所,无为县严桥镇营业所,严桥镇营业所,0
340225020,3,340225,3402,无为县江坝镇西营业所,无为县江坝镇西营业所,江坝镇西营业所,0
340225021,3,340225,3402,无为县黄雒营业所,无为县黄雒营业所,黄雒营业所,0
340225022,3,340225,3402,无为县泥汊镇营业所,无为县泥汊镇营业所,泥汊镇营业所,0
3403,1,000000,3403,蚌埠地区,蚌埠,蚌埠,0
340301,2,340301,3403,蚌埠市,蚌埠市,蚌埠市,0
340301002,3,340301,3403,蚌埠市胜利东路营业所,蚌埠市胜利东路营业所,胜利东路营业所,9
340301003,3,340301,3403,蚌埠市南岗营业所,蚌埠市南岗营业所,南岗营业所,0
340301004,3,340301,3403,蚌埠市东岗邮政储蓄营业所 ,蚌埠市东岗邮政储蓄营业所 ,东岗邮政储蓄营业所,0
340301007,3,340301,3403,蚌埠市荆山路营业所,蚌埠市荆山路营业所,荆山路营业所,0
340301008,3,340301,3403,蚌埠市爱国营业所,蚌埠市爱国营业所,爱国营业所,0
340301009,3,340301,3403,蚌埠市天桥营业所,蚌埠市天桥营业所,天桥营业所,0
340301010,3,340301,3403,蚌埠市解放路邮政储蓄营业所 ,蚌埠市解放路邮政储蓄营业所 ,解放路邮政储蓄营业所,0
340301011,3,340301,3403,蚌埠市延安路邮政储蓄营业所 ,蚌埠市延安路邮政储蓄营业所 ,延安路邮政储蓄营业所,0
340301013,3,340301,3403,蚌埠市雪华路邮政储蓄营业所 ,蚌埠市雪华路邮政储蓄营业所 ,雪华路邮政储蓄营业所,0
340301014,3,340301,3403,蚌埠市前进路营业所,蚌埠市前进路营业所,前进路营业所,0
340301015,3,340301,3403,蚌埠市李楼营业所,蚌埠市李楼营业所,李楼营业所,0
340301016,3,340301,3403,蚌埠市迎湖路营业所,蚌埠市迎湖路营业所,迎湖路营业所,0
340301017,3,340301,3403,蚌埠市大庆营业所,蚌埠市大庆营业所,大庆营业所,0
340301018,3,340301,3403,蚌埠市秦集营业所,蚌埠市秦集营业所,秦集营业所,0
340301019,3,340301,3403,蚌埠市陶山路营业所,蚌埠市陶山路营业所,陶山路营业所,0
340301020,3,340301,3403,蚌埠市长征路营业所,蚌埠市长征路营业所,长征路营业所,0
340301021,3,340301,3403,蚌埠市张公山营业所,蚌埠市张公山营业所,张公山营业所,0
340301022,3,340301,3403,蚌埠市淮光营业所,蚌埠市淮光营业所,淮光营业所,0
340301024,3,340301,3403,蚌埠市光彩营业所,蚌埠市光彩营业所,光彩营业所,0
340301025,3,340301,3403,蚌埠市梅桥乡营业所,蚌埠市梅桥乡营业所,梅桥乡营业所,0
340301026,3,340301,3403,蚌埠市曹老集营业所,蚌埠市曹老集营业所,曹老集营业所,0
340321,2,340321,3403,怀远县,怀远县,怀远县,0
340321002,3,340321,3403,怀远县南大街营业所,怀远县南大街营业所,南大街营业所,0
340321003,3,340321,3403,怀远县马城营业所,怀远县马城营业所,马城营业所,0
340321004,3,340321,3403,怀远县姚山营业所,怀远县姚山营业所,姚山营业所,0
340321005,3,340321,3403,怀远县双桥营业所,怀远县双桥营业所,双桥营业所,0
340321006,3,340321,3403,怀远县唐集营业所,怀远县唐集营业所,唐集营业所,0
340321007,3,340321,3403,怀远县项桥营业所,怀远县项桥营业所,项桥营业所,0
340321008,3,340321,3403,怀远县河溜营业所,怀远县河溜营业所,河溜营业所,0
340321009,3,340321,3403,怀远县常坟营业所,怀远县常坟营业所,常坟营业所,0
340321010,3,340321,3403,怀远县包集营业所,怀远县包集营业所,包集营业所,0
340321011,3,340321,3403,怀远县万福镇营业所,怀远县万福镇营业所,万福镇营业所,0
340321012,3,340321,3403,怀远县新集营业所,怀远县新集营业所,新集营业所,0
340321013,3,340321,3403,怀远县龙亢营业所,怀远县龙亢营业所,龙亢营业所,0
340321014,3,340321,3403,怀远县刘集营业所,怀远县刘集营业所,刘集营业所,0
340321015,3,340321,3403,怀远县褚集营业所,怀远县褚集营业所,褚集营业所,0
340321016,3,340321,3403,怀远县淝南营业所,怀远县淝南营业所,淝南营业所,0
340321018,3,340321,3403,怀远县孝仪营业所,怀远县孝仪营业所,孝仪营业所,0
340321019,3,340321,3403,怀远县找郢营业所,怀远县找郢营业所,找郢营业所,0
340321020,3,340321,3403,怀远县城西营业所,怀远县城西营业所,城西营业所,0
340321021,3,340321,3403,怀远县朱疃营业所,怀远县朱疃营业所,朱疃营业所,0
340321023,3,340321,3403,怀远古城营业所,怀远古城营业所,怀远古城营业所,0
340321024,3,340321,3403,怀远县文昌街营业所,怀远县文昌街营业所,文昌街营业所,0
340321025,3,340321,3403,怀远县新城区营业所,怀远县新城区营业所,新城区营业所,9
340322,2,340322,3403,五河县,五河县,五河县,0
340322001,3,340322,3403,五河县淮河路营业所,五河县淮河路营业所,淮河路营业所,0
340322002,3,340322,3403,五河县沫河口镇营业所,五河县沫河口镇营业所,沫河口镇营业所,0
340322003,3,340322,3403,五河县三铺营业所,五河县三铺营业所,三铺营业所,0
340322004,3,340322,3403,五河县大新镇营业所,五河县大新镇营业所,大新镇营业所,0
340322005,3,340322,3403,五河县浍南营业所,五河县浍南营业所,浍南营业所,0
340322006,3,340322,3403,五河县新集镇营业所,五河县新集镇营业所,新集镇营业所,0
340322007,3,340322,3403,五河县头铺营业所,五河县头铺营业所,头铺营业所,0
340322008,3,340322,3403,五河县东刘集镇营业所,五河县东刘集镇营业所,东刘集镇营业所,0
340322010,3,340322,3403,五河县申集镇营业所,五河县申集镇营业所,申集镇营业所,0
340322011,3,340322,3403,五河县双庙营业所,五河县双庙营业所,双庙营业所,0
340322012,3,340322,3403,五河县武桥营业所,五河县武桥营业所,武桥营业所,0
340322013,3,340322,3403,五河县中兴路营业所,五河县中兴路营业所,中兴路营业所,0
340322015,3,340322,3403,五河县青年路营业所,五河县青年路营业所,青年路营业所,0
340322016,3,340322,3403,五河县国防路营业所,五河县国防路营业所,国防路营业所,0
340322017,3,340322,3403,五河县小溪营业所,五河县小溪营业所,小溪营业所,0
340322021,3,340322,3403,五河县朱顶镇营业所,五河县朱顶镇营业所,朱顶镇营业所,0
340323,2,340323,3403,固镇县,固镇县,固镇县,0
340323001,3,340323,3403,固镇县胜利路营业所,固镇县胜利路营业所,胜利路营业所,0
340323002,3,340323,3403,固镇县垓下路营业所,固镇县垓下路营业所,垓下路营业所,0
340323003,3,340323,3403,固镇县任桥营业所,固镇县任桥营业所,任桥营业所,0
340323006,3,340323,3403,固镇县刘集镇营业所,固镇县刘集镇营业所,刘集镇营业所,0
340323007,3,340323,3403,固镇县湖沟镇营业所,固镇县湖沟镇营业所,湖沟镇营业所,0
340323008,3,340323,3403,固镇县王庄营业所,固镇县王庄营业所,王庄营业所,0
340323009,3,340323,3403,固镇县连站营业所,固镇县连站营业所,连站营业所,0
340323010,3,340323,3403,固镇县濠城镇营业所,固镇县濠城镇营业所,濠城镇营业所,0
340323011,3,340323,3403,固镇县石湖营业所,固镇县石湖营业所,石湖营业所,0
340323012,3,340323,3403,固镇县杨庙营业所,固镇县杨庙营业所,杨庙营业所,0
340323013,3,340323,3403,固镇县新马桥干校营业所 ,固镇县新马桥干校营业所 ,新马桥干校营业所,0
340323014,3,340323,3403,固镇县宋店营业所,固镇县宋店营业所,宋店营业所,0
340323015,3,340323,3403,固镇县董庙营业所,固镇县董庙营业所,董庙营业所,0
340323016,3,340323,3403,固镇县何集营业所,固镇县何集营业所,何集营业所,0
340323017,3,340323,3403,固镇县磨盘张营业所,固镇县磨盘张营业所,磨盘张营业所,0
340323018,3,340323,3403,固镇县瓦疃营业所,固镇县瓦疃营业所,瓦疃营业所,0
340323019,3,340323,3403,固镇县仲兴营业所,固镇县仲兴营业所,仲兴营业所,0
340323020,3,340323,3403,固镇县城东营业所,固镇县城东营业所,城东营业所,0
340323021,3,340323,3403,固镇县唐南营业所,固镇县唐南营业所,唐南营业所,0
340323022,3,340323,3403,固镇县大营路营业所,固镇县大营路营业所,大营路营业所,0
340323023,3,340323,3403,固镇县黄元路营业所,固镇县黄元路营业所,黄元路营业所,0
340323024,3,340323,3403,固镇县东郊营业所,固镇县东郊营业所,东郊营业所,0
3404,1,000000,3404,淮南地区,淮南,淮南,0
340401,2,340401,3404,淮南市,淮南市,淮南市,0
340401002,3,340401,3404,淮南市舜耕营业所,淮南市舜耕营业所,舜耕营业所,0
340401004,3,340401,3404,淮南市龙湖路营业所,淮南市龙湖路营业所,龙湖路营业所,0
340401005,3,340401,3404,淮南市朝阳东路营业所,淮南市朝阳东路营业所,朝阳东路营业所,0
340401006,3,340401,3404,淮南市东苑营业所,淮南市东苑营业所,东苑营业所,0
340401007,3,340401,3404,淮南市朝阳路营业所,淮南市朝阳路营业所,朝阳路营业所,0
340401009,3,340401,3404,淮南市田电厂路营业所,淮南市田电厂路营业所,田电厂路营业所,0
340401010,3,340401,3404,淮南市淮河新城营业所,淮南市淮河新城营业所,淮河新城营业所,0
340401011,3,340401,3404,淮南市洞山中路营业所,淮南市洞山中路营业所,洞山中路营业所,9
340401012,3,340401,3404,淮南市领城营业所,淮南市领城营业所,领城营业所,0
340401013,3,340401,3404,淮南市东风营业所,淮南市东风营业所,东风营业所,0
340401014,3,340401,3404,淮南市居仁新村营业所,淮南市居仁新村营业所,居仁新村营业所,0
340401015,3,340401,3404,淮南市淮舜南路营业所,淮南市淮舜南路营业所,淮舜南路营业所,0
340401016,3,340401,3404,淮南市纺织厂营业所,淮南市纺织厂营业所,纺织厂营业所,0
340401017,3,340401,3404,淮南市洛河镇营业所,淮南市洛河镇营业所,洛河镇营业所,0
340401018,3,340401,3404,淮南市大通营业所,淮南市大通营业所,大通营业所,0
340401019,3,340401,3404,淮南市龙眼营业所,淮南市龙眼营业所,龙眼营业所,0
340401020,3,340401,3404,淮南市南门口营业所,淮南市南门口营业所,南门口营业所,0
340401021,3,340401,3404,淮南市泉山营业所,淮南市泉山营业所,泉山营业所,0
340401022,3,340401,3404,淮南市南苑营业所,淮南市南苑营业所,南苑营业所,0
340401026,3,340401,3404,淮南市会战路营业所,淮南市会战路营业所,会战路营业所,0
340401028,3,340401,3404,淮南市淮望村营业所,淮南市淮望村营业所,淮望村营业所,0
340401029,3,340401,3404,淮南市十涧湖营业所,淮南市十涧湖营业所,十涧湖营业所,0
340401031,3,340401,3404,淮南市矿机路营业所,淮南市矿机路营业所,矿机路营业所,0
340401032,3,340401,3404,淮南市芳草园营业所,淮南市芳草园营业所,芳草园营业所,0
340401033,3,340401,3404,淮南市李郢孜营业所,淮南市李郢孜营业所,李郢孜营业所,9
340401035,3,340401,3404,淮南市毕家岗营业所,淮南市毕家岗营业所,毕家岗营业所,0
340401036,3,340401,3404,淮南市山王营业所,淮南市山王营业所,山王营业所,0
340401038,3,340401,3404,淮南市丁山营业所,淮南市丁山营业所,丁山营业所,0
340401040,3,340401,3404,淮南市白云营业所,淮南市白云营业所,白云营业所,0
340401041,3,340401,3404,淮南市高皇营业所,淮南市高皇营业所,高皇营业所,0
340401042,3,340401,3404,淮南市潘三营业所,淮南市潘三营业所,潘三营业所,0
340401043,3,340401,3404,淮南市新街营业所,淮南市新街营业所,新街营业所,0
340401047,3,340401,3404,淮南市曹庵营业所,淮南市曹庵营业所,曹庵营业所,0
340401048,3,340401,3404,淮南市朱集营业所,淮南市朱集营业所,朱集营业所,0
340401049,3,340401,3404,淮南市杨公镇营业所,淮南市杨公镇营业所,杨公镇营业所,0
340401051,3,340401,3404,淮南市三和营业所,淮南市三和营业所,三和营业所,0
340401052,3,340401,3404,淮南市洞山新村营业所,淮南市洞山新村营业所,洞山新村营业所,0
340401053,3,340401,3404,淮南市新社营业所,淮南市新社营业所,新社营业所,0
340421,2,340421,3404,凤台县,凤台县,凤台县,0
340421002,3,340421,3404,凤台县大山营业所,凤台县大山营业所,大山营业所,0
340421003,3,340421,3404,凤台县顾桥营业所,凤台县顾桥营业所,顾桥营业所,0
340421004,3,340421,3404,凤台县桂集营业所,凤台县桂集营业所,桂集营业所,0
340421005,3,340421,3404,凤台县马店营业所,凤台县马店营业所,马店营业所,0
340421006,3,340421,3404,淮南市毛集营业所,淮南市毛集营业所,毛集营业所,0
340421007,3,340421,3404,凤台县大兴营业所,凤台县大兴营业所,大兴营业所,0
340421008,3,340421,3404,淮南市夏集营业所,淮南市夏集营业所,夏集营业所,0
340421009,3,340421,3404,凤台县丁集营业所,凤台县丁集营业所,丁集营业所,0
340421010,3,340421,3404,凤台县钱庙营业所,凤台县钱庙营业所,钱庙营业所,0
340421012,3,340421,3404,凤台县尚塘营业所,凤台县尚塘营业所,尚塘营业所,0
340421013,3,340421,3404,凤台县淮滨路营业所,凤台县淮滨路营业所,淮滨路营业所,0
340421014,3,340421,3404,凤台县中山路营业所,凤台县中山路营业所,中山路营业所,0
340421015,3,340421,3404,凤台县古店营业所,凤台县古店营业所,古店营业所,0
340421016,3,340421,3404,凤台县政务区营业所,凤台县政务区营业所,政务区营业所,0
340421017,3,340421,3404,凤台县新集镇营业所,凤台县新集镇营业所,新集镇营业所,0
340421019,3,340421,3404,凤台县杨村营业所,凤台县杨村营业所,杨村营业所,0
340422,2,340422,3404,寿县,寿县,寿县,0
340422101,3,340422,3415,寿县南郊营业所,寿县南郊营业所,南郊营业所,0
340422102,3,340422,3415,寿县南关营业所,寿县南关营业所,南关营业所,0
340422103,3,340422,3415,寿县小甸镇营业所,寿县小甸镇营业所,小甸镇营业所,0
340422105,3,340422,3415,寿县炎刘镇营业所,寿县炎刘镇营业所,炎刘镇营业所,0
340422106,3,340422,3415,寿县保义营业所,寿县保义营业所,保义营业所,0
340422107,3,340422,3415,寿县双庙集镇营业所,寿县双庙集镇营业所,双庙集镇营业所,0
340422108,3,340422,3415,寿县大顺镇营业所,寿县大顺镇营业所,大顺镇营业所,0
340422109,3,340422,3415,寿县北街营业所,寿县北街营业所,北街营业所,0
340422110,3,340422,3415,寿县棋盘街营业所,寿县棋盘街营业所,棋盘街营业所,0
340422111,3,340422,3415,寿县瓦埠镇营业所,寿县瓦埠镇营业所,瓦埠镇营业所,0
340422112,3,340422,3415,寿县双桥营业所,寿县双桥营业所,双桥营业所,0
340422113,3,340422,3415,寿县刘岗镇营业所,寿县刘岗镇营业所,刘岗镇营业所,0
340422114,3,340422,3415,寿县正阳营业所,寿县正阳营业所,正阳营业所,0
340422115,3,340422,3415,寿县建设营业所,寿县建设营业所,建设营业所,0
340422117,3,340422,3415,寿县板桥营业所,寿县板桥营业所,板桥营业所,0
340422118,3,340422,3415,寿县堰口营业所,寿县堰口营业所,堰口营业所,0
340422119,3,340422,3415,寿县戈店营业所,寿县戈店营业所,戈店营业所,0
340422120,3,340422,3415,寿县安丰营业所,寿县安丰营业所,安丰营业所,0
340422121,3,340422,3415,寿县隐贤营业所,寿县隐贤营业所,隐贤营业所,0
340422122,3,340422,3415,寿县安丰镇商品街营业所 ,寿县安丰镇商品街营业所 ,安丰镇商品街营业所,0
340422123,3,340422,3415,寿县杨仙营业所,寿县杨仙营业所,杨仙营业所,0
340422125,3,340422,3415,寿县闫店营业所,寿县闫店营业所,闫店营业所,0
340422126,3,340422,3415,寿县三觉营业所,寿县三觉营业所,三觉营业所,0
340422127,3,340422,3415,寿县茶庵镇营业所,寿县茶庵镇营业所,茶庵镇营业所,0
340422128,3,340422,3415,寿县迎河营业所,寿县迎河营业所,迎河营业所,0
340422129,3,340422,3415,寿县箭道巷营业所,寿县箭道巷营业所,箭道巷营业所,0
3405,1,000000,3405,马鞍山地区,马鞍山,马鞍山,0
340501,2,340501,3405,马鞍山,马鞍山,马鞍山,0
340501001,3,340501,3405,马鞍山市金汇营业所,马鞍山市金汇营业所,金汇营业所,0
340501003,3,340501,3405,马鞍山市军民路营业所,马鞍山市军民路营业所,军民路营业所,0
340501004,3,340501,3405,马鞍山市健康路营业所,马鞍山市健康路营业所,健康路营业所,0
340501006,3,340501,3405,马鞍山市西湖花园营业所 ,马鞍山市西湖花园营业所 ,西湖花园营业所,0
340501007,3,340501,3405,马鞍山市邮政大厦营业所 ,马鞍山市邮政大厦营业所 ,邮政大厦营业所,0
340501008,3,340501,3405,马鞍山市火车站营业所,马鞍山市火车站营业所,火车站营业所,0
340501009,3,340501,3405,马鞍山市东苑营业所,马鞍山市东苑营业所,东苑营业所,9
340501010,3,340501,3405,马鞍山市西园路营业所,马鞍山市西园路营业所,西园路营业所,0
340501012,3,340501,3405,马鞍山市秀山营业所,马鞍山市秀山营业所,秀山营业所,0
340501013,3,340501,3405,马鞍山市采秣路营业所,马鞍山市采秣路营业所,采秣路营业所,0
340501014,3,340501,3405,马鞍山市菊园路营业所,马鞍山市菊园路营业所,菊园路营业所,9
340501015,3,340501,3405,马鞍山市湖南路营业所,马鞍山市湖南路营业所,湖南路营业所,0
340501016,3,340501,3405,马鞍山市康乐路营业所,马鞍山市康乐路营业所,康乐路营业所,0
340501017,3,340501,3405,马鞍山市大钟楼营业所,马鞍山市大钟楼营业所,大钟楼营业所,0
340501019,3,340501,3405,马鞍山市红旗南路营业所 ,马鞍山市红旗南路营业所 ,红旗南路营业所,0
340501020,3,340501,3405,马鞍山市塘岔营业所,马鞍山市塘岔营业所,塘岔营业所,0
340501021,3,340501,3405,马鞍山市杨家山营业所,马鞍山市杨家山营业所,杨家山营业所,0
340501023,3,340501,3405,马鞍山市向山营业所,马鞍山市向山营业所,向山营业所,0
340501025,3,340501,3405,马鞍山市采石营业所,马鞍山市采石营业所,采石营业所,0
340501029,3,340501,3405,马鞍山市银塘营业所,马鞍山市银塘营业所,银塘营业所,0
340501030,3,340501,3405,马鞍山市商业街营业所,马鞍山市商业街营业所,商业街营业所,0
340521,2,340521,3405,当涂县,当涂县,当涂县,0
340521001,3,340521,3405,当涂县亭头营业所,当涂县亭头营业所,亭头营业所,0
340521003,3,340521,3405,当涂县查湾营业所,当涂县查湾营业所,查湾营业所,0
340521004,3,340521,3405,马鞍山市新博营业所,马鞍山市新博营业所,新博营业所,0
340521006,3,340521,3405,当涂县黄池镇营业所,当涂县黄池镇营业所,黄池镇营业所,0
340521010,3,340521,3405,当涂县石桥镇营业所,当涂县石桥镇营业所,石桥镇营业所,0
340521011,3,340521,3405,当涂县太白镇营业所,当涂县太白镇营业所,太白镇营业所,0
340521012,3,340521,3405,当涂县南寺东路营业所,当涂县南寺东路营业所,南寺东路营业所,0
340521013,3,340521,3405,当涂县西街营业所,当涂县西街营业所,西街营业所,0
340521014,3,340521,3405,马鞍山市新市镇营业所,马鞍山市新市镇营业所,新市镇营业所,0
340521017,3,340521,3405,当涂县年陡营业所,当涂县年陡营业所,年陡营业所,0
340521019,3,340521,3405,当涂县湖阳乡营业所,当涂县湖阳乡营业所,湖阳乡营业所,0
340521020,3,340521,3405,当涂县振兴路营业所,当涂县振兴路营业所,振兴路营业所,0
340521021,3,340521,3405,马鞍山市博望新街营业所 ,马鞍山市博望新街营业所 ,博望新街营业所,0
340521022,3,340521,3405,马鞍山市丹阳镇营业所,马鞍山市丹阳镇营业所,丹阳镇营业所,0
340521023,3,340521,3405,当涂县乌溪镇营业所,当涂县乌溪镇营业所,乌溪镇营业所,0
340521024,3,340521,3405,当涂县塘南镇营业所,当涂县塘南镇营业所,塘南镇营业所,0
340521025,3,340521,3405,当涂县大陇乡营业所,当涂县大陇乡营业所,大陇乡营业所,0
340522,2,340522,3405,含山县,含山县,含山县,0
340522001,3,340522,3405,含山县南门营业所,含山县南门营业所,南门营业所,0
340522003,3,340522,3405,含山县林头镇营业所,含山县林头镇营业所,林头镇营业所,0
340522004,3,340522,3405,含山县东关营业所,含山县东关营业所,东关营业所,0
340522006,3,340522,3405,含山县运漕镇营业所,含山县运漕镇营业所,运漕镇营业所,0
340522007,3,340522,3405,含山县清溪镇营业所,含山县清溪镇营业所,清溪镇营业所,0
340522008,3,340522,3405,含山县仙踪镇营业所,含山县仙踪镇营业所,仙踪镇营业所,0
340522009,3,340522,3405,含山县铜闸镇营业所,含山县铜闸镇营业所,铜闸镇营业所,0
340522010,3,340522,3405,含山县杨山营业所,含山县杨山营业所,杨山营业所,0
340522011,3,340522,3405,含山县东门营业所,含山县东门营业所,东门营业所,0
340522013,3,340522,3405,含山县东关街营业所,含山县东关街营业所,东关街营业所,0
340522015,3,340522,3405,含山县昭关镇营业所,含山县昭关镇营业所,昭关镇营业所,0
340523,2,340523,3405,和县,和县,和县,0
340523001,3,340523,3405,和县富康路营业所,和县富康路营业所,富康路营业所,0
340523002,3,340523,3405,和县南门营业所,和县南门营业所,南门营业所,0
340523004,3,340523,3405,和县西梁山营业所,和县西梁山营业所,西梁山营业所,0
340523005,3,340523,3405,和县新桥镇营业所,和县新桥镇营业所,新桥镇营业所,0
340523006,3,340523,3405,和县西埠镇营业所,和县西埠镇营业所,西埠镇营业所,0
340523007,3,340523,3405,和县石杨镇营业所,和县石杨镇营业所,石杨镇营业所,0
340523008,3,340523,3405,和县乌江镇营业所,和县乌江镇营业所,乌江镇营业所,0
340523009,3,340523,3405,和县善厚镇营业所,和县善厚镇营业所,善厚镇营业所,0
340523010,3,340523,3405,和县香泉镇营业所,和县香泉镇营业所,香泉镇营业所,0
340523012,3,340523,3405,和县白桥镇营业所,和县白桥镇营业所,白桥镇营业所,0
340523013,3,340523,3405,和县南义营业所,和县南义营业所,南义营业所,0
3406,1,000000,3406,淮北地区,淮北,淮北,0
340601,2,340601,3406,淮北市,淮北市,淮北市,0
340601002,3,340601,3406,淮北市翠峰路营业所,淮北市翠峰路营业所,翠峰路营业所,0
340601003,3,340601,3406,淮北市海宫营业所,淮北市海宫营业所,海宫营业所,0
340601005,3,340601,3406,淮北市惠黎东路营业所,淮北市惠黎东路营业所,惠黎东路营业所,0
340601006,3,340601,3406,淮北市古城东路营业所,淮北市古城东路营业所,古城东路营业所,0
340601007,3,340601,3406,淮北市钟楼营业所,淮北市钟楼营业所,钟楼营业所,0
340601008,3,340601,3406,淮北市相山南路营业所,淮北市相山南路营业所,相山南路营业所,9
340601009,3,340601,3406,淮北市南黎路营业所,淮北市南黎路营业所,南黎路营业所,0
340601010,3,340601,3406,淮北市洪山路营业所,淮北市洪山路营业所,洪山路营业所,0
340601011,3,340601,3406,淮北市石台营业所,淮北市石台营业所,石台营业所,0
340601013,3,340601,3406,淮北市杨庄营业所,淮北市杨庄营业所,杨庄营业所,0
340601016,3,340601,3406,淮北市濉溪路营业所,淮北市濉溪路营业所,濉溪路营业所,0
340601017,3,340601,3406,淮北市渠沟营业所,淮北市渠沟营业所,渠沟营业所,0
340601018,3,340601,3406,淮北市高岳镇营业所,淮北市高岳镇营业所,高岳镇营业所,0
340601019,3,340601,3406,淮北市岱河营业所,淮北市岱河营业所,岱河营业所,0
340601020,3,340601,3406,淮北市东黎营业所,淮北市东黎营业所,东黎营业所,0
340601021,3,340601,3406,淮北市矿山集镇营业所,淮北市矿山集镇营业所,矿山集镇营业所,0
340601022,3,340601,3406,淮北市朱庄营业所,淮北市朱庄营业所,朱庄营业所,0
340601023,3,340601,3406,淮北市朔西营业所,淮北市朔西营业所,朔西营业所,0
340601024,3,340601,3406,淮北市朔里营业所,淮北市朔里营业所,朔里营业所,0
340601026,3,340601,3406,淮北市袁庄营业所,淮北市袁庄营业所,袁庄营业所,0
340601027,3,340601,3406,淮北市段园镇营业所,淮北市段园镇营业所,段园镇营业所,0
340601028,3,340601,3406,淮北市纵楼营业所,淮北市纵楼营业所,纵楼营业所,0
340601030,3,340601,3406,淮北市土楼营业所,淮北市土楼营业所,土楼营业所,0
340601031,3,340601,3406,淮北市蔡里营业所,淮北市蔡里营业所,蔡里营业所,0
340601032,3,340601,3406,淮北市烈山营业所,淮北市烈山营业所,烈山营业所,0
340601033,3,340601,3406,淮北市赵集营业所,淮北市赵集营业所,赵集营业所,0
340601036,3,340601,3406,淮北市古饶镇营业所,淮北市古饶镇营业所,古饶镇营业所,0
340621,2,340621,3406,濉溪县,濉溪县,濉溪县,0
340621002,3,340621,3406,濉溪县龙河营业所,濉溪县龙河营业所,龙河营业所,0
340621003,3,340621,3406,濉溪县虎山路营业所,濉溪县虎山路营业所,虎山路营业所,0
340621005,3,340621,3406,濉溪县刘桥镇营业所,濉溪县刘桥镇营业所,刘桥镇营业所,0
340621006,3,340621,3406,濉溪县百善镇营业所,濉溪县百善镇营业所,百善镇营业所,0
340621007,3,340621,3406,濉溪县临涣镇营业所,濉溪县临涣镇营业所,临涣镇营业所,0
340621009,3,340621,3406,淮北市古饶镇支行,淮北市古饶镇支行,古饶镇支行,9
340621010,3,340621,3406,濉溪县百善矿营业所,濉溪县百善矿营业所,百善矿营业所,0
340621012,3,340621,3406,濉溪县祁集营业所,濉溪县祁集营业所,祁集营业所,0
340621013,3,340621,3406,濉溪县韩村镇营业所,濉溪县韩村镇营业所,韩村镇营业所,0
340621014,3,340621,3406,濉溪县四铺营业所,濉溪县四铺营业所,四铺营业所,0
340621015,3,340621,3406,濉溪县孙町镇营业所,濉溪县孙町镇营业所,孙町镇营业所,0
340621016,3,340621,3406,濉溪县南坪镇营业所,濉溪县南坪镇营业所,南坪镇营业所,0
340621017,3,340621,3406,濉溪县烈山路营业所,濉溪县烈山路营业所,烈山路营业所,0
340621018,3,340621,3406,濉溪县铁佛镇营业所,濉溪县铁佛镇营业所,铁佛镇营业所,0
340621019,3,340621,3406,濉溪县双堆镇营业所,濉溪县双堆镇营业所,双堆镇营业所,0
340621020,3,340621,3406,濉溪县溪河路营业所,濉溪县溪河路营业所,溪河路营业所,0
340621021,3,340621,3406,濉溪县杨柳营业所,濉溪县杨柳营业所,杨柳营业所,0
340621023,3,340621,3406,濉溪县任集营业所,濉溪县任集营业所,任集营业所,0
340621031,3,340621,3406,濉溪县五沟镇营业所,濉溪县五沟镇营业所,五沟镇营业所,0
340621034,3,340621,3406,濉溪县岳集营业所,濉溪县岳集营业所,岳集营业所,0
3407,1,000000,3407,铜陵地区,铜陵,铜陵,0
340701,2,340701,3407,铜陵市,铜陵市,铜陵市,0
340701004,3,340701,3407,铜陵市义安路营业所,铜陵市义安路营业所,义安路营业所,0
340701005,3,340701,3407,铜陵市长江东村营业所,铜陵市长江东村营业所,长江东村营业所,0
340701007,3,340701,3407,铜陵市解放路营业所,铜陵市解放路营业所,解放路营业所,9
340701008,3,340701,3407,铜陵市横港营业所,铜陵市横港营业所,横港营业所,0
340701009,3,340701,3407,铜陵市幸福村营业所,铜陵市幸福村营业所,幸福村营业所,0
340701010,3,340701,3407,铜陵市凤凰山营业所,铜陵市凤凰山营业所,凤凰山营业所,0
340701011,3,340701,3407,铜陵市泰山大道营业所,铜陵市泰山大道营业所,泰山大道营业所,0
340701012,3,340701,3407,铜陵市杨家山营业所,铜陵市杨家山营业所,杨家山营业所,0
340701013,3,340701,3407,铜陵市火车站营业所,铜陵市火车站营业所,火车站营业所,0
340701014,3,340701,3407,铜陵市西郊营业所,铜陵市西郊营业所,西郊营业所,0
340701015,3,340701,3407,铜陵市立新营业所,铜陵市立新营业所,立新营业所,0
340701017,3,340701,3407,铜陵市发电厂营业所,铜陵市发电厂营业所,发电厂营业所,0
340701018,3,340701,3407,铜陵市机厂营业所,铜陵市机厂营业所,机厂营业所,0
340701019,3,340701,3407,铜陵市大市场营业所,铜陵市大市场营业所,大市场营业所,0
340701020,3,340701,3407,铜陵市翠湖路营业所,铜陵市翠湖路营业所,翠湖路营业所,0
340701021,3,340701,3407,铜陵市爱西营业所,铜陵市爱西营业所,爱西营业所,9
340701022,3,340701,3407,铜陵市淮河北路营业所,铜陵市淮河北路营业所,淮河北路营业所,0
340701023,3,340701,3407,铜陵市朝山营业所,铜陵市朝山营业所,朝山营业所,0
340701025,3,340701,3407,铜陵市普济圩营业所,铜陵市普济圩营业所,普济圩营业所,0
340701028,3,340701,3407,铜陵市铜庄营业所,铜陵市铜庄营业所,铜庄营业所,0
340701035,3,340701,3407,铜陵市富览苑营业所,铜陵市富览苑营业所,富览苑营业所,0
340701036,3,340701,3407,铜陵市西联营业所,铜陵市西联营业所,西联营业所,0
340701037,3,340701,3407,铜陵市胥坝营业所,铜陵市胥坝营业所,胥坝营业所,0
340701038,3,340701,3407,铜陵市大通镇营业所,铜陵市大通镇营业所,大通镇营业所,0
340701039,3,340701,3407,铜陵市钟仓营业所,铜陵市钟仓营业所,钟仓营业所,0
340701040,3,340701,3407,铜陵市七零一营业所,铜陵市七零一营业所,七零一营业所,0
340701041,3,340701,3407,铜陵市朱村营业所,铜陵市朱村营业所,朱村营业所,0
340701042,3,340701,3407,铜陵市钟鸣营业所,铜陵市钟鸣营业所,钟鸣营业所,0
340701043,3,340701,3407,铜陵市新桥营业所,铜陵市新桥营业所,新桥营业所,0
340701044,3,340701,3407,铜陵市天门营业所,铜陵市天门营业所,天门营业所,0
340701045,3,340701,3407,铜陵市二冶营业所,铜陵市二冶营业所,二冶营业所,0
340701046,3,340701,3407,铜陵市东联营业所,铜陵市东联营业所,东联营业所,0
340701047,3,340701,3407,铜陵市城南营业所,铜陵市城南营业所,城南营业所,0
340701048,3,340701,3407,铜陵市金榔营业所,铜陵市金榔营业所,金榔营业所,0
340722,2,340722,3407,枞阳县,枞阳县,枞阳县,0
340722102,3,340722,3408,枞阳县正大街营业所,枞阳县正大街营业所,正大街营业所,0
340722103,3,340722,3408,枞阳县城关第三营业所,枞阳县城关第三营业所,城关第三营业所,0
340722104,3,340722,3408,枞阳县下枞阳营业所,枞阳县下枞阳营业所,下枞阳营业所,0
340722105,3,340722,3408,枞阳县左岗营业所,枞阳县左岗营业所,左岗营业所,0
340722106,3,340722,3408,枞阳县周潭镇营业所,枞阳县周潭镇营业所,周潭镇营业所,0
340722107,3,340722,3408,枞阳县汤沟镇营业所,枞阳县汤沟镇营业所,汤沟镇营业所,0
340722108,3,340722,3408,枞阳县老洲镇营业所,枞阳县老洲镇营业所,老洲镇营业所,0
340722109,3,340722,3408,枞阳县其林镇营业所,枞阳县其林镇营业所,其林镇营业所,0
340722110,3,340722,3408,枞阳县义津镇营业所,枞阳县义津镇营业所,义津镇营业所,0
340722111,3,340722,3408,枞阳县钱桥镇营业所,枞阳县钱桥镇营业所,钱桥镇营业所,0
340722112,3,340722,3408,枞阳县会宫乡营业所,枞阳县会宫乡营业所,会宫乡营业所,0
340722113,3,340722,3408,枞阳县官桥镇营业所,枞阳县官桥镇营业所,官桥镇营业所,0
340722114,3,340722,3408,枞阳县项铺镇营业所,枞阳县项铺镇营业所,项铺镇营业所,0
340722115,3,340722,3408,枞阳县OU山镇营业所,枞阳县OU山镇营业所,OU山镇营业所,0
340722116,3,340722,3408,枞阳县石矶营业所,枞阳县石矶营业所,石矶营业所,0
340722118,3,340722,3408,枞阳县桂坝营业所,枞阳县桂坝营业所,桂坝营业所,0
340722119,3,340722,3408,枞阳县白湖乡营业所,枞阳县白湖乡营业所,白湖乡营业所,0
340722121,3,340722,3408,枞阳县陈瑶湖镇营业所,枞阳县陈瑶湖镇营业所,陈瑶湖镇营业所,0
340722122,3,340722,3408,枞阳县雨坛营业所,枞阳县雨坛营业所,雨坛营业所,0
340722123,3,340722,3408,枞阳县浮山镇营业所,枞阳县浮山镇营业所,浮山镇营业所,0
340722124,3,340722,3408,枞阳县孙畈营业所,枞阳县孙畈营业所,孙畈营业所,0
340722125,3,340722,3408,枞阳县方仓营业所,枞阳县方仓营业所,方仓营业所,0
340722126,3,340722,3408,枞阳县金山路营业所,枞阳县金山路营业所,金山路营业所,0
3408,1,000000,3408,安庆地区,安庆,安庆,0
340801,2,340801,3408,安庆市,安庆市,安庆市,0
340801003,3,340801,3408,安庆市纺织南路营业所,安庆市纺织南路营业所,纺织南路营业所,0
340801004,3,340801,3408,安庆市玉琳路营业所,安庆市玉琳路营业所,玉琳路营业所,9
340801005,3,340801,3408,安庆市市府路营业所,安庆市市府路营业所,市府路营业所,0
340801006,3,340801,3408,安庆市雷池路营业所,安庆市雷池路营业所,雷池路营业所,0
340801007,3,340801,3408,安庆市长风营业所,安庆市长风营业所,长风营业所,0
340801012,3,340801,3408,安庆市孝肃路营业所,安庆市孝肃路营业所,孝肃路营业所,0
340801013,3,340801,3408,安庆市四方城营业所,安庆市四方城营业所,四方城营业所,0
340801015,3,340801,3408,安庆市白泽乡营业所,安庆市白泽乡营业所,白泽乡营业所,0
340801016,3,340801,3408,安庆市人民东路营业所,安庆市人民东路营业所,人民东路营业所,0
340801017,3,340801,3408,安庆市柏子桥营业所,安庆市柏子桥营业所,柏子桥营业所,0
340801018,3,340801,3408,安庆市皖江大道营业所,安庆市皖江大道营业所,皖江大道营业所,0
340801019,3,340801,3408,安庆市杨桥镇营业所,安庆市杨桥镇营业所,杨桥镇营业所,0
340801020,3,340801,3408,安庆市双河营业所,安庆市双河营业所,双河营业所,0
340801021,3,340801,3408,安庆市华中东路营业所,安庆市华中东路营业所,华中东路营业所,0
340801022,3,340801,3408,安庆市十里营业所,安庆市十里营业所,十里营业所,0
340801023,3,340801,3408,安庆市回祥小区营业所,安庆市回祥小区营业所,回祥小区营业所,0
340801024,3,340801,3408,安庆市湖心路营业所,安庆市湖心路营业所,湖心路营业所,0
340801025,3,340801,3408,安庆市七街营业所,安庆市七街营业所,七街营业所,0
340801032,3,340801,3408,安庆市大龙山营业所,安庆市大龙山营业所,大龙山营业所,0
340801033,3,340801,3408,安庆市海口镇营业所,安庆市海口镇营业所,海口镇营业所,0
340801034,3,340801,3408,安庆市光彩营业所,安庆市光彩营业所,光彩营业所,0
340822,2,340822,3408,怀宁县,怀宁县,怀宁县,0
340822002,3,340822,3408,怀宁县黄龙镇营业所,怀宁县黄龙镇营业所,黄龙镇营业所,0
340822003,3,340822,3408,怀宁县新安营业所,怀宁县新安营业所,新安营业所,0
340822004,3,340822,3408,怀宁县黄墩营业所,怀宁县黄墩营业所,黄墩营业所,0
340822005,3,340822,3408,怀宁县三桥镇营业所,怀宁县三桥镇营业所,三桥镇营业所,0
340822006,3,340822,3408,怀宁县江镇营业所,怀宁县江镇营业所,江镇营业所,0
340822007,3,340822,3408,怀宁县金拱镇营业所,怀宁县金拱镇营业所,金拱镇营业所,0
340822008,3,340822,3408,怀宁县马庙镇营业所,怀宁县马庙镇营业所,马庙镇营业所,0
340822009,3,340822,3408,怀宁县洪铺镇营业所,怀宁县洪铺镇营业所,洪铺镇营业所,0
340822010,3,340822,3408,怀宁县月山镇营业所,怀宁县月山镇营业所,月山镇营业所,0
340822013,3,340822,3408,怀宁县电信大楼营业所,怀宁县电信大楼营业所,电信大楼营业所,0
340822014,3,340822,3408,怀宁县小市镇营业所,怀宁县小市镇营业所,小市镇营业所,0
340822015,3,340822,3408,怀宁县茶岭营业所,怀宁县茶岭营业所,茶岭营业所,0
340822016,3,340822,3408,怀宁县清河营业所,怀宁县清河营业所,清河营业所,0
340822018,3,340822,3408,怀宁县大洼营业所,怀宁县大洼营业所,大洼营业所,0
340822019,3,340822,3408,怀宁县石镜营业所,怀宁县石镜营业所,石镜营业所,0
340822020,3,340822,3408,怀宁县三祝营业所,怀宁县三祝营业所,三祝营业所,0
340822022,3,340822,3408,怀宁县平山镇营业所,怀宁县平山镇营业所,平山镇营业所,0
340822023,3,340822,3408,怀宁县腊树镇营业所,怀宁县腊树镇营业所,腊树镇营业所,0
340822025,3,340822,3408,怀宁县高河镇营业所,怀宁县高河镇营业所,高河镇营业所,0
340822026,3,340822,3408,怀宁县稼仙路营业所,怀宁县稼仙路营业所,稼仙路营业所,9
340822028,3,340822,3408,怀宁县独秀大道营业所,怀宁县独秀大道营业所,独秀大道营业所,0
340822031,3,340822,3408,怀宁县雷埠乡营业所,怀宁县雷埠乡营业所,雷埠乡营业所,0
340824,2,340824,3408,潜山县,潜山县,潜山县,0
340824002,3,340824,3408,潜山县潜阳营业所,潜山县潜阳营业所,潜阳营业所,0
340824003,3,340824,3408,潜山县油坝乡营业所,潜山县油坝乡营业所,油坝乡营业所,0
340824004,3,340824,3408,潜山县黄铺镇营业所,潜山县黄铺镇营业所,黄铺镇营业所,0
340824005,3,340824,3408,潜山县王河镇营业所,潜山县王河镇营业所,王河镇营业所,0
340824006,3,340824,3408,潜山县舒州路营业所,潜山县舒州路营业所,舒州路营业所,0
340824007,3,340824,3408,潜山县痘姆营业所,潜山县痘姆营业所,痘姆营业所,0
340824008,3,340824,3408,潜山县水吼镇营业所,潜山县水吼镇营业所,水吼镇营业所,0
340824010,3,340824,3408,潜山县天柱山营业所,潜山县天柱山营业所,天柱山营业所,0
340824011,3,340824,3408,潜山县余井镇营业所,潜山县余井镇营业所,余井镇营业所,0
340824013,3,340824,3408,潜山县黄泥镇营业所,潜山县黄泥镇营业所,黄泥镇营业所,0
340824014,3,340824,3408,潜山县槎水镇营业所,潜山县槎水镇营业所,槎水镇营业所,0
340824015,3,340824,3408,潜山县城西营业所,潜山县城西营业所,城西营业所,0
340824016,3,340824,3408,潜山县塔畈乡营业所,潜山县塔畈乡营业所,塔畈乡营业所,0
340824017,3,340824,3408,潜山县黄柏镇营业所,潜山县黄柏镇营业所,黄柏镇营业所,0
340824018,3,340824,3408,潜山县双峰营业所,潜山县双峰营业所,双峰营业所,0
340824019,3,340824,3408,潜山县棋盘营业所,潜山县棋盘营业所,棋盘营业所,0
340824020,3,340824,3408,潜山县舒苑营业所,潜山县舒苑营业所,舒苑营业所,0
340824021,3,340824,3408,潜山县官庄营业所,潜山县官庄营业所,官庄营业所,0
340825,2,340825,3408,太湖县,太湖县,太湖县,0
340825001,3,340825,3408,太湖县江塘乡营业所,太湖县江塘乡营业所,江塘乡营业所,0
340825002,3,340825,3408,太湖县寺前镇营业所,太湖县寺前镇营业所,寺前镇营业所,0
340825003,3,340825,3408,太湖县黄镇营业所,太湖县黄镇营业所,黄镇营业所,0
340825004,3,340825,3408,太湖县弥陀镇营业所,太湖县弥陀镇营业所,弥陀镇营业所,0
340825005,3,340825,3408,太湖县北中镇营业所,太湖县北中镇营业所,北中镇营业所,0
340825006,3,340825,3408,太湖县牛镇镇营业所,太湖县牛镇镇营业所,牛镇镇营业所,0
340825007,3,340825,3408,太湖县刘羊营业所,太湖县刘羊营业所,刘羊营业所,0
340825008,3,340825,3408,太湖县刘畈营业所,太湖县刘畈营业所,刘畈营业所,0
340825009,3,340825,3408,太湖县百里镇营业所,太湖县百里镇营业所,百里镇营业所,0
340825010,3,340825,3408,太湖县富强路营业所,太湖县富强路营业所,富强路营业所,0
340825012,3,340825,3408,太湖县老城营业所,太湖县老城营业所,老城营业所,0
340825013,3,340825,3408,太湖县东山头营业所,太湖县东山头营业所,东山头营业所,0
340825014,3,340825,3408,太湖县徐桥镇营业所,太湖县徐桥镇营业所,徐桥镇营业所,0
340825016,3,340825,3408,太湖县小池镇营业所,太湖县小池镇营业所,小池镇营业所,0
340825017,3,340825,3408,太湖县大石营业所,太湖县大石营业所,大石营业所,0
340826,2,340826,3408,宿松县,宿松县,宿松县,0
340826002,3,340826,3408,宿松县破凉镇营业所,宿松县破凉镇营业所,破凉镇营业所,0
340826003,3,340826,3408,宿松县凉亭镇营业所,宿松县凉亭镇营业所,凉亭镇营业所,0
340826004,3,340826,3408,宿松县二郎镇营业所,宿松县二郎镇营业所,二郎镇营业所,0
340826005,3,340826,3408,宿松县陈汉营业所,宿松县陈汉营业所,陈汉营业所,0
340826006,3,340826,3408,宿松县佐坝乡营业所,宿松县佐坝乡营业所,佐坝乡营业所,0
340826007,3,340826,3408,宿松县汇口镇营业所,宿松县汇口镇营业所,汇口镇营业所,0
340826008,3,340826,3408,宿松县工贸区营业所,宿松县工贸区营业所,工贸区营业所,0
340826009,3,340826,3408,宿松县皖蜀春营业所,宿松县皖蜀春营业所,皖蜀春营业所,0
340826010,3,340826,3408,宿松县坝头营业所,宿松县坝头营业所,坝头营业所,0
340826011,3,340826,3408,宿松县下仓镇营业所,宿松县下仓镇营业所,下仓镇营业所,0
340826012,3,340826,3408,宿松县皖西南营业所,宿松县皖西南营业所,皖西南营业所,0
340826013,3,340826,3408,宿松县套口营业所,宿松县套口营业所,套口营业所,0
340826014,3,340826,3408,宿松县长铺镇营业所,宿松县长铺镇营业所,长铺镇营业所,0
340826017,3,340826,3408,宿松县九姑乡营业所,宿松县九姑乡营业所,九姑乡营业所,0
340826018,3,340826,3408,宿松县程营营业所,宿松县程营营业所,程营营业所,0
340826019,3,340826,3408,宿松县许岭镇营业所,宿松县许岭镇营业所,许岭镇营业所,0
340826020,3,340826,3408,宿松县洲头乡营业所,宿松县洲头乡营业所,洲头乡营业所,0
340826021,3,340826,3408,宿松县高岭营业所,宿松县高岭营业所,高岭营业所,0
340826022,3,340826,3408,宿松县河塌营业所,宿松县河塌营业所,河塌营业所,0
340827,2,340827,3408,望江县,望江县,望江县,0
340827001,3,340827,3408,望江县青草湖营业所,望江县青草湖营业所,青草湖营业所,0
340827002,3,340827,3408,望江县漳湖镇营业所,望江县漳湖镇营业所,漳湖镇营业所,0
340827003,3,340827,3408,望江县赛口镇营业所,望江县赛口镇营业所,赛口镇营业所,0
340827004,3,340827,3408,望江县高士镇营业所,望江县高士镇营业所,高士镇营业所,0
340827006,3,340827,3408,望江县凉泉乡营业所,望江县凉泉乡营业所,凉泉乡营业所,0
340827007,3,340827,3408,望江县鸦滩镇营业所,望江县鸦滩镇营业所,鸦滩镇营业所,0
340827008,3,340827,3408,望江县回龙营业所,望江县回龙营业所,回龙营业所,0
340827009,3,340827,3408,望江县华阳镇营业所,望江县华阳镇营业所,华阳镇营业所,0
340827010,3,340827,3408,望江县九成营业所,望江县九成营业所,九成营业所,0
340827011,3,340827,3408,望江县长岭镇营业所,望江县长岭镇营业所,长岭镇营业所,0
340827013,3,340827,3408,望江县太慈镇营业所,望江县太慈镇营业所,太慈镇营业所,0
340827014,3,340827,3408,望江县城西营业所,望江县城西营业所,城西营业所,0
340827015,3,340827,3408,望江县雷池乡营业所,望江县雷池乡营业所,雷池乡营业所,0
340827016,3,340827,3408,望江县莲洲乡营业所,望江县莲洲乡营业所,莲洲乡营业所,0
340827017,3,340827,3408,望江县城东营业所,望江县城东营业所,城东营业所,0
340827019,3,340827,3408,望江县新坝营业所,望江县新坝营业所,新坝营业所,0
340827020,3,340827,3408,望江县杨林营业所,望江县杨林营业所,杨林营业所,0
340827021,3,340827,3408,望江县沈冲营业所,望江县沈冲营业所,沈冲营业所,0
340827022,3,340827,3408,望江县曾墩营业所,望江县曾墩营业所,曾墩营业所,0
340827023,3,340827,3408,望江县麦元营业所,望江县麦元营业所,麦元营业所,0
340828,2,340828,3408,岳西县,岳西县,岳西县,0
340828001,3,340828,3408,岳西县城西营业所,岳西县城西营业所,城西营业所,0
340828003,3,340828,3408,岳西县店前镇营业所,岳西县店前镇营业所,店前镇营业所,0
340828004,3,340828,3408,岳西县来榜镇营业所,岳西县来榜镇营业所,来榜镇营业所,0
340828005,3,340828,3408,岳西县响肠镇营业所,岳西县响肠镇营业所,响肠镇营业所,0
340828006,3,340828,3408,岳西县中关营业所,岳西县中关营业所,中关营业所,0
340828007,3,340828,3408,岳西县河图镇营业所,岳西县河图镇营业所,河图镇营业所,0
340828008,3,340828,3408,岳西县冶溪镇营业所,岳西县冶溪镇营业所,冶溪镇营业所,0
340828009,3,340828,3408,岳西县菖蒲镇营业所,岳西县菖蒲镇营业所,菖蒲镇营业所,0
340828010,3,340828,3408,岳西县头陀镇营业所,岳西县头陀镇营业所,头陀镇营业所,0
340828011,3,340828,3408,岳西县南园营业所,岳西县南园营业所,南园营业所,0
340881,2,340881,3408,桐城市,桐城市,桐城市,0
340881001,3,340881,3408,桐城市大关镇营业所,桐城市大关镇营业所,大关镇营业所,0
340881002,3,340881,3408,桐城市龙眠西路营业所,桐城市龙眠西路营业所,龙眠西路营业所,0
340881003,3,340881,3408,桐城市范岗镇营业所,桐城市范岗镇营业所,范岗镇营业所,0
340881004,3,340881,3408,桐城市高桥营业所,桐城市高桥营业所,高桥营业所,0
340881005,3,340881,3408,桐城市挂镇街营业所,桐城市挂镇街营业所,挂镇街营业所,0
340881007,3,340881,3408,桐城市金神镇营业所,桐城市金神镇营业所,金神镇营业所,0
340881008,3,340881,3408,桐城市孔城镇营业所,桐城市孔城镇营业所,孔城镇营业所,0
340881009,3,340881,3408,桐城市老梅营业所,桐城市老梅营业所,老梅营业所,0
340881010,3,340881,3408,桐城市吕亭镇营业所,桐城市吕亭镇营业所,吕亭镇营业所,0
340881012,3,340881,3408,桐城市南演营业所,桐城市南演营业所,南演营业所,0
340881013,3,340881,3408,桐城市青草镇营业所,桐城市青草镇营业所,青草镇营业所,0
340881014,3,340881,3408,桐城市卅铺营业所,桐城市卅铺营业所,卅铺营业所,0
340881015,3,340881,3408,桐城市双港镇营业所,桐城市双港镇营业所,双港镇营业所,0
340881016,3,340881,3408,桐城市太平营业所,桐城市太平营业所,太平营业所,0
340881017,3,340881,3408,桐城市陶冲营业所,桐城市陶冲营业所,陶冲营业所,0
340881018,3,340881,3408,桐城市文昌营业所,桐城市文昌营业所,文昌营业所,0
340881019,3,340881,3408,桐城市嬉子湖镇营业所,桐城市嬉子湖镇营业所,嬉子湖镇营业所,0
340881020,3,340881,3408,桐城市香铺营业所,桐城市香铺营业所,香铺营业所,0
340881022,3,340881,3408,桐城市兴店营业所,桐城市兴店营业所,兴店营业所,0
3410,1,000000,3410,黄山地区,黄山,黄山,0
341001,2,341001,3410,黄山市,黄山市,黄山市,0
341001003,3,341001,3410,黄山市水心亭营业所,黄山市水心亭营业所,水心亭营业所,0
341001004,3,341001,3410,黄山市阳湖营业所,黄山市阳湖营业所,阳湖营业所,0
341001005,3,341001,3410,黄山市隆阜营业所,黄山市隆阜营业所,隆阜营业所,0
341001006,3,341001,3410,黄山市长跃营业所,黄山市长跃营业所,长跃营业所,9
341001007,3,341001,3410,黄山市社屋前营业所,黄山市社屋前营业所,社屋前营业所,0
341001010,3,341001,3410,黄山市寨西营业所,黄山市寨西营业所,寨西营业所,0
341001011,3,341001,3410,黄山市汤口营业所,黄山市汤口营业所,汤口营业所,0
341001012,3,341001,3410,黄山市永佳大道支行,黄山市永佳大道支行,永佳大道支行,9
341001014,3,341001,3410,黄山市徽州区潜口镇营业所,黄山市徽州区潜口镇营业所,徽州区潜口镇营业所,0
341001015,3,341001,3410,黄山市徽山路营业所,黄山市徽山路营业所,徽山路营业所,0
341003,2,341003,3410,黄山区,黄山区,黄山区,0
341003004,3,341003,3410,黄山区谭家桥镇营业所,黄山区谭家桥镇营业所,谭家桥镇营业所,0
341003006,3,341003,3410,黄山区乌石营业所,黄山区乌石营业所,乌石营业所,0
341003007,3,341003,3410,黄山市新华乡营业所,黄山市新华乡营业所,新华乡营业所,0
341003008,3,341003,3410,黄山区三口镇营业所,黄山区三口镇营业所,三口镇营业所,0
341003009,3,341003,3410,黄山区新明营业所,黄山区新明营业所,新明营业所,0
341003011,3,341003,3410,黄山区和平营业所,黄山区和平营业所,和平营业所,0
341003012,3,341003,3410,黄山区广阳营业所,黄山区广阳营业所,广阳营业所,0
341003013,3,341003,3410,黄山区龙门营业所,黄山区龙门营业所,龙门营业所,0
341003014,3,341003,3410,黄山区郭村营业所,黄山区郭村营业所,郭村营业所,0
341003015,3,341003,3410,黄山市新丰乡营业所,黄山市新丰乡营业所,新丰乡营业所,0
341003016,3,341003,3410,黄山区永丰乡营业所,黄山区永丰乡营业所,永丰乡营业所,0
341003017,3,341003,3410,黄山区仙源镇营业所,黄山区仙源镇营业所,仙源镇营业所,0
341003018,3,341003,3410,黄山市太平路营业所,黄山市太平路营业所,太平路营业所,0
341003019,3,341003,3410,黄山市龙井路营业所,黄山市龙井路营业所,龙井路营业所,0
341003020,3,341003,3410,黄山区耿城镇营业所,黄山区耿城镇营业所,耿城镇营业所,0
341003022,3,341003,3410,黄山市寨西营业所,黄山市寨西营业所,寨西营业所,0
341003023,3,341003,3410,黄山市汤口营业所,黄山市汤口营业所,汤口营业所,0
341021,2,341021,3410,歙县,歙县,歙县,0
341021001,3,341021,3410,歙县人民路营业所,歙县人民路营业所,人民路营业所,0
341021003,3,341021,3410,歙县王村镇营业所,歙县王村镇营业所,王村镇营业所,0
341021004,3,341021,3410,歙县溪头镇营业所,歙县溪头镇营业所,溪头镇营业所,0
341021005,3,341021,3410,歙县许村镇营业所,歙县许村镇营业所,许村镇营业所,0
341021006,3,341021,3410,歙县街口营业所,歙县街口营业所,街口营业所,0
341021007,3,341021,3410,歙县岔口镇营业所,歙县岔口镇营业所,岔口镇营业所,0
341021008,3,341021,3410,歙县深渡镇营业所,歙县深渡镇营业所,深渡镇营业所,0
341021009,3,341021,3410,歙县北岸镇营业所,歙县北岸镇营业所,北岸镇营业所,0
341021010,3,341021,3410,歙县杞梓里镇营业所,歙县杞梓里镇营业所,杞梓里镇营业所,0
341021011,3,341021,3410,歙县三阳乡营业所,歙县三阳乡营业所,三阳乡营业所,0
341021012,3,341021,3410,歙县霞坑镇营业所,歙县霞坑镇营业所,霞坑镇营业所,0
341021013,3,341021,3410,歙县武阳营业所,歙县武阳营业所,武阳营业所,0
341021014,3,341021,3410,歙县昌溪营业所,歙县昌溪营业所,昌溪营业所,0
341021015,3,341021,3410,歙县东门营业所,歙县东门营业所,东门营业所,0
341021016,3,341021,3410,歙县唐里营业所,歙县唐里营业所,唐里营业所,0
341021017,3,341021,3410,歙县北街营业所,歙县北街营业所,北街营业所,0
341021018,3,341021,3410,歙县璜田营业所,歙县璜田营业所,璜田营业所,0
341021019,3,341021,3410,歙县富堨镇营业所,歙县富堨镇营业所,富堨镇营业所,0
341021022,3,341021,3410,歙县上丰营业所,歙县上丰营业所,上丰营业所,0
341021024,3,341021,3410,歙县长陔营业所,歙县长陔营业所,长陔营业所,0
341021025,3,341021,3410,黄山市永佳大道营业所,黄山市永佳大道营业所,永佳大道营业所,0
341021026,3,341021,3410,黄山市徽州区潜口镇营业所 ,黄山市徽州区潜口镇营业所 ,潜口镇营业所,0
341022,2,341022,3410,休宁县,休宁县,休宁县,0
341022003,3,341022,3410,休宁县东临溪镇营业所,休宁县东临溪镇营业所,东临溪镇营业所,0
341022004,3,341022,3410,休宁县齐云山镇营业所,休宁县齐云山镇营业所,齐云山镇营业所,0
341022005,3,341022,3410,休宁县溪口镇营业所,休宁县溪口镇营业所,溪口镇营业所,0
341022006,3,341022,3410,休宁县五城镇营业所,休宁县五城镇营业所,五城镇营业所,0
341022008,3,341022,3410,休宁县兰田镇营业所,休宁县兰田镇营业所,兰田镇营业所,0
341022009,3,341022,3410,休宁县鹤城营业所,休宁县鹤城营业所,鹤城营业所,0
341022010,3,341022,3410,休宁县渭桥营业所,休宁县渭桥营业所,渭桥营业所,0
341022011,3,341022,3410,休宁县流口镇营业所,休宁县流口镇营业所,流口镇营业所,0
341022012,3,341022,3410,休宁县城北营业所,休宁县城北营业所,城北营业所,0
341022013,3,341022,3410,休宁县万安镇营业所,休宁县万安镇营业所,万安镇营业所,0
341022014,3,341022,3410,休宁县新城营业所,休宁县新城营业所,新城营业所,0
341023,2,341023,3410,黟县,黟县,黟县,0
341023001,3,341023,3410,黟县北街营业所,黟县北街营业所,北街营业所,0
341023003,3,341023,3410,黟县宏村镇营业所,黟县宏村镇营业所,宏村镇营业所,0
341023004,3,341023,3410,黟县渔亭镇营业所,黟县渔亭镇营业所,渔亭镇营业所,0
341023005,3,341023,3410,黟县洪星营业所,黟县洪星营业所,洪星营业所,0
341023006,3,341023,3410,黟县西递镇营业所,黟县西递镇营业所,西递镇营业所,0
341023007,3,341023,3410,黟县马道路营业所,黟县马道路营业所,马道路营业所,0
341024,2,341024,3410,祁门县,祁门县,祁门县,0
341024003,3,341024,3410,祁门县平里镇营业所,祁门县平里镇营业所,平里镇营业所,0
341024004,3,341024,3410,祁门县凫峰乡营业所,祁门县凫峰乡营业所,凫峰乡营业所,0
341024005,3,341024,3410,祁门县闪里镇营业所,祁门县闪里镇营业所,闪里镇营业所,0
341024006,3,341024,3410,祁门县历口镇营业所,祁门县历口镇营业所,历口镇营业所,0
341024007,3,341024,3410,祁门县北门营业所,祁门县北门营业所,北门营业所,0
341024008,3,341024,3410,祁门县安凌镇营业所,祁门县安凌镇营业所,安凌镇营业所,0
341024009,3,341024,3410,祁门县新兴路营业所,祁门县新兴路营业所,新兴路营业所,0
341024010,3,341024,3410,祁门县小路口镇营业所,祁门县小路口镇营业所,小路口镇营业所,0
3411,1,000000,3411,滁州地区,滁州,滁州,0
341101,2,341101,3411,滁州市,滁州市,滁州市,0
341101003,3,341101,3411,滁州市凤阳路营业所,滁州市凤阳路营业所,凤阳路营业所,9
341101004,3,341101,3411,滁州市凤凰路营业所,滁州市凤凰路营业所,凤凰路营业所,0
341101005,3,341101,3411,滁州市乌衣镇营业所,滁州市乌衣镇营业所,乌衣镇营业所,0
341101006,3,341101,3411,滁州市沙河镇营业所,滁州市沙河镇营业所,沙河镇营业所,0
341101008,3,341101,3411,滁州市南大桥营业所,滁州市南大桥营业所,南大桥营业所,0
341101010,3,341101,3411,滁州市珠龙镇营业所,滁州市珠龙镇营业所,珠龙镇营业所,0
341101011,3,341101,3411,滁州市章广镇营业所,滁州市章广镇营业所,章广镇营业所,0
341101012,3,341101,3411,滁州市丰乐路营业所,滁州市丰乐路营业所,丰乐路营业所,0
341101013,3,341101,3411,滁州市黄泥镇营业所,滁州市黄泥镇营业所,黄泥镇营业所,0
341101014,3,341101,3411,滁州市施集镇营业所,滁州市施集镇营业所,施集镇营业所,0
341101018,3,341101,3411,滁州市定远路营业所,滁州市定远路营业所,定远路营业所,0
341101019,3,341101,3411,滁州市腰铺镇营业所,滁州市腰铺镇营业所,腰铺镇营业所,0
341122,2,341122,3411,来安县,来安县,来安县,0
341122002,3,341122,3411,来安县鼓楼营业所,来安县鼓楼营业所,鼓楼营业所,0
341122003,3,341122,3411,来安县开发区营业所,来安县开发区营业所,开发区营业所,0
341122004,3,341122,3411,来安县二里桥营业所,来安县二里桥营业所,二里桥营业所,0
341122005,3,341122,3411,来安县东门营业所,来安县东门营业所,东门营业所,0
341122006,3,341122,3411,来安县西门营业所,来安县西门营业所,西门营业所,0
341122007,3,341122,3411,来安县水口镇营业所,来安县水口镇营业所,水口镇营业所,0
341122008,3,341122,3411,来安县半塔镇支行,来安县半塔镇支行,半塔镇支行,0
341122009,3,341122,3411,来安县汊河镇营业所,来安县汊河镇营业所,汊河镇营业所,0
341122011,3,341122,3411,来安县大英镇营业所,来安县大英镇营业所,大英镇营业所,0
341124,2,341124,3411,全椒县,全椒县,全椒县,0
341124002,3,341124,3411,全椒县二郎口镇营业所,全椒县二郎口镇营业所,二郎口镇营业所,0
341124003,3,341124,3411,全椒县新华路营业所,全椒县新华路营业所,新华路营业所,0
341124004,3,341124,3411,全椒县儒林路营业所,全椒县儒林路营业所,儒林路营业所,0
341124005,3,341124,3411,全椒县古河镇营业所,全椒县古河镇营业所,古河镇营业所,0
341124007,3,341124,3411,全椒县小集营业所,全椒县小集营业所,小集营业所,0
341124008,3,341124,3411,全椒县马厂镇营业所,全椒县马厂镇营业所,马厂镇营业所,0
341124009,3,341124,3411,全椒县十字镇营业所,全椒县十字镇营业所,十字镇营业所,0
341124010,3,341124,3411,全椒县石沛镇营业所,全椒县石沛镇营业所,石沛镇营业所,0
341124011,3,341124,3411,全椒县城东营业所,全椒县城东营业所,城东营业所,0
341124012,3,341124,3411,全椒县武岗镇营业所,全椒县武岗镇营业所,武岗镇营业所,0
341124013,3,341124,3411,全椒县襄水西路营业所,全椒县襄水西路营业所,襄水西路营业所,0
341125,2,341125,3411,定远县,定远县,定远县,0
341125002,3,341125,3411,定远县定城镇营业所,定远县定城镇营业所,定城镇营业所,0
341125003,3,341125,3411,定远县定滁路营业所,定远县定滁路营业所,定滁路营业所,0
341125004,3,341125,3411,定远县南环路营业所,定远县南环路营业所,南环路营业所,0
341125005,3,341125,3411,定远县东大街营业所,定远县东大街营业所,东大街营业所,9
341125006,3,341125,3411,定远县炉桥镇营业所,定远县炉桥镇营业所,炉桥镇营业所,0
341125008,3,341125,3411,定远县池河镇营业所,定远县池河镇营业所,池河镇营业所,0
341125009,3,341125,3411,定远县张桥镇营业所,定远县张桥镇营业所,张桥镇营业所,0
341125010,3,341125,3411,定远县吴圩镇营业所,定远县吴圩镇营业所,吴圩镇营业所,0
341125011,3,341125,3411,定远县仓镇营业所,定远县仓镇营业所,仓镇营业所,0
341125012,3,341125,3411,定远县永康镇营业所,定远县永康镇营业所,永康镇营业所,0
341125013,3,341125,3411,定远县迎宾路营业所,定远县迎宾路营业所,迎宾路营业所,0
341126,2,341126,3411,凤阳县,凤阳县,凤阳县,0
341126002,3,341126,3411,凤阳县中都营业所,凤阳县中都营业所,中都营业所,0
341126003,3,341126,3411,凤阳县刘府镇营业所,凤阳县刘府镇营业所,刘府镇营业所,0
341126005,3,341126,3411,凤阳县临淮关镇营业所,凤阳县临淮关镇营业所,临淮关镇营业所,0
341126006,3,341126,3411,凤阳县武店镇营业所,凤阳县武店镇营业所,武店镇营业所,0
341126007,3,341126,3411,凤阳县总铺镇营业所,凤阳县总铺镇营业所,总铺镇营业所,0
341126008,3,341126,3411,凤阳县李二庄营业所,凤阳县李二庄营业所,李二庄营业所,0
341126009,3,341126,3411,凤阳县大庙镇营业所,凤阳县大庙镇营业所,大庙镇营业所,0
341126010,3,341126,3411,凤阳县小溪河镇营业所,凤阳县小溪河镇营业所,小溪河镇营业所,0
341126012,3,341126,3411,凤阳县红心镇营业所,凤阳县红心镇营业所,红心镇营业所,0
341181,2,341181,3411,天长市,天长市,天长市,0
341181001,3,341181,3411,天长市铜城营业所,天长市铜城营业所,铜城营业所,0
341181002,3,341181,3411,天长市汊涧镇营业所,天长市汊涧镇营业所,汊涧镇营业所,0
341181003,3,341181,3411,天长市南市区营业所,天长市南市区营业所,南市区营业所,0
341181004,3,341181,3411,天长市秦栏镇支行,天长市秦栏镇支行,秦栏镇支行,0
341181005,3,341181,3411,天长市杨村镇营业所,天长市杨村镇营业所,杨村镇营业所,0
341181006,3,341181,3411,天长市石梁镇营业所,天长市石梁镇营业所,石梁镇营业所,0
341181008,3,341181,3411,天长市大通镇营业所,天长市大通镇营业所,大通镇营业所,0
341181009,3,341181,3411,天长市北门营业所,天长市北门营业所,北门营业所,0
341181010,3,341181,3411,天长市关塘营业所,天长市关塘营业所,关塘营业所,0
341181012,3,341181,3411,天长市仁和镇营业所,天长市仁和镇营业所,仁和镇营业所,0
341181013,3,341181,3411,天长市新大楼营业所,天长市新大楼营业所,新大楼营业所,0
341181014,3,341181,3411,天长市东门营业所,天长市东门营业所,东门营业所,0
341182,2,341182,3411,明光市,明光市,明光市,0
341182002,3,341182,3411,明光市三界镇营业所,明光市三界镇营业所,三界镇营业所,0
341182003,3,341182,3411,明光市涧溪镇营业所,明光市涧溪镇营业所,涧溪镇营业所,0
341182004,3,341182,3411,明光市张八岭镇营业所,明光市张八岭镇营业所,张八岭镇营业所,0
341182005,3,341182,3411,明光市管店镇营业所,明光市管店镇营业所,管店镇营业所,0
341182006,3,341182,3411,明光市石坝镇营业所,明光市石坝镇营业所,石坝镇营业所,0
341182007,3,341182,3411,明光市女山湖镇营业所,明光市女山湖镇营业所,女山湖镇营业所,0
341182008,3,341182,3411,明光市桥头镇营业所,明光市桥头镇营业所,桥头镇营业所,0
341182009,3,341182,3411,明光市古沛镇营业所,明光市古沛镇营业所,古沛镇营业所,0
341182010,3,341182,3411,明光市潘村镇新大街营业所 ,明光市潘村镇新大街营业所 ,潘村镇新大街营业所,0
341182011,3,341182,3411,明光市嘉山集营业所,明光市嘉山集营业所,嘉山集营业所,0
341182013,3,341182,3411,明光市四马路营业所,明光市四马路营业所,四马路营业所,0
341182014,3,341182,3411,明光市自来桥镇营业所,明光市自来桥镇营业所,自来桥镇营业所,0
341182015,3,341182,3411,明光市韩山路营业所,明光市韩山路营业所,韩山路营业所,0
341182016,3,341182,3411,明光市苏巷镇营业所,明光市苏巷镇营业所,苏巷镇营业所,0
3412,1,000000,3412,阜阳地区,阜阳,阜阳,0
341201,2,341201,3412,阜阳市,阜阳市,阜阳市,0
341201001,3,341201,3412,阜阳市鼓楼营业所,阜阳市鼓楼营业所,鼓楼营业所,9
341201002,3,341201,3412,阜阳市三里营业所,阜阳市三里营业所,三里营业所,0
341201003,3,341201,3412,阜阳市颖上路营业所,阜阳市颖上路营业所,颖上路营业所,0
341201004,3,341201,3412,阜阳市三十铺营业所,阜阳市三十铺营业所,三十铺营业所,0
341201005,3,341201,3412,阜阳市马寨乡营业所,阜阳市马寨乡营业所,马寨乡营业所,0
341201007,3,341201,3412,阜阳市口孜镇营业所,阜阳市口孜镇营业所,口孜镇营业所,0
341201008,3,341201,3412,阜阳市乌江营业所,阜阳市乌江营业所,乌江营业所,0
341201009,3,341201,3412,阜阳市闸东营业所,阜阳市闸东营业所,闸东营业所,0
341201011,3,341201,3412,阜阳市文峰营业所,阜阳市文峰营业所,文峰营业所,0
341201012,3,341201,3412,阜阳市西苑营业所,阜阳市西苑营业所,西苑营业所,9
341201013,3,341201,3412,阜阳市西郊营业所,阜阳市西郊营业所,西郊营业所,0
341201014,3,341201,3412,阜阳市小隅首营业所,阜阳市小隅首营业所,小隅首营业所,0
341201015,3,341201,3412,阜阳市桂花苑营业所,阜阳市桂花苑营业所,桂花苑营业所,0
341201016,3,341201,3412,阜阳市清河营业所,阜阳市清河营业所,清河营业所,0
341201017,3,341201,3412,阜阳市泉北营业所,阜阳市泉北营业所,泉北营业所,0
341201018,3,341201,3412,阜阳市永昌营业所,阜阳市永昌营业所,永昌营业所,0
341201019,3,341201,3412,阜阳市客运南站营业所,阜阳市客运南站营业所,客运南站营业所,0
341201020,3,341201,3412,阜阳市北京路营业所,阜阳市北京路营业所,北京路营业所,0
341201021,3,341201,3412,阜阳市西湖镇营业所,阜阳市西湖镇营业所,西湖镇营业所,0
341201023,3,341201,3412,阜阳市伍明镇营业所,阜阳市伍明镇营业所,伍明镇营业所,0
341201025,3,341201,3412,阜阳市闻集镇营业所,阜阳市闻集镇营业所,闻集镇营业所,0
341201026,3,341201,3412,阜阳市行流镇营业所,阜阳市行流镇营业所,行流镇营业所,0
341201027,3,341201,3412,阜阳市苏集乡营业所,阜阳市苏集乡营业所,苏集乡营业所,0
341201028,3,341201,3412,阜阳市宁老庄镇营业所,阜阳市宁老庄镇营业所,宁老庄镇营业所,0
341201030,3,341201,3412,阜阳市王店镇营业所,阜阳市王店镇营业所,王店镇营业所,0
341201031,3,341201,3412,阜阳市程集镇营业所,阜阳市程集镇营业所,程集镇营业所,0
341201032,3,341201,3412,阜阳市袁寨镇营业所,阜阳市袁寨镇营业所,袁寨镇营业所,0
341201033,3,341201,3412,阜阳市姜堂营业所,阜阳市姜堂营业所,姜堂营业所,0
341201034,3,341201,3412,阜阳市苏屯乡营业所,阜阳市苏屯乡营业所,苏屯乡营业所,0
341201035,3,341201,3412,阜阳市港利营业所,阜阳市港利营业所,港利营业所,0
341201037,3,341201,3412,阜阳市皖西北商贸城营业所 ,阜阳市皖西北商贸城营业所 ,皖西北商贸城营业所,0
341201038,3,341201,3412,阜阳市开发区营业所,阜阳市开发区营业所,开发区营业所,0
341201042,3,341201,3412,阜阳市三塔集镇营业所,阜阳市三塔集镇营业所,三塔集镇营业所,0
341221,2,341221,3412,临泉县,临泉县,临泉县,0
341221001,3,341221,3412,临泉县长官镇营业所,临泉县长官镇营业所,长官镇营业所,0
341221002,3,341221,3412,临泉县宋集镇营业所,临泉县宋集镇营业所,宋集镇营业所,0
341221003,3,341221,3412,临泉县张集镇营业所,临泉县张集镇营业所,张集镇营业所,0
341221004,3,341221,3412,临泉县艾亭镇营业所,临泉县艾亭镇营业所,艾亭镇营业所,0
341221005,3,341221,3412,临泉县杨桥镇营业所,临泉县杨桥镇营业所,杨桥镇营业所,0
341221006,3,341221,3412,临泉县老集镇营业所,临泉县老集镇营业所,老集镇营业所,0
341221007,3,341221,3412,临泉县滑集镇营业所,临泉县滑集镇营业所,滑集镇营业所,0
341221008,3,341221,3412,临泉县吕寨镇营业所,临泉县吕寨镇营业所,吕寨镇营业所,0
341221009,3,341221,3412,临泉县迎仙镇营业所,临泉县迎仙镇营业所,迎仙镇营业所,0
341221010,3,341221,3412,临泉县姜寨镇营业所,临泉县姜寨镇营业所,姜寨镇营业所,0
341221011,3,341221,3412,临泉县黄岭镇营业所,临泉县黄岭镇营业所,黄岭镇营业所,0
341221012,3,341221,3412,临泉县鲖城镇营业所,临泉县鲖城镇营业所,鲖城镇营业所,0
341221013,3,341221,3412,临泉县鸿雁营业所,临泉县鸿雁营业所,鸿雁营业所,0
341221015,3,341221,3412,临泉县邢塘营业所,临泉县邢塘营业所,邢塘营业所,0
341221016,3,341221,3412,临泉县周桥营业所,临泉县周桥营业所,周桥营业所,0
341221017,3,341221,3412,临泉县韦寨镇营业所,临泉县韦寨镇营业所,韦寨镇营业所,0
341221018,3,341221,3412,临泉县庞营营业所,临泉县庞营营业所,庞营营业所,0
341221019,3,341221,3412,临泉县瓦店镇营业所,临泉县瓦店镇营业所,瓦店镇营业所,0
341221020,3,341221,3412,临泉县谭棚镇营业所,临泉县谭棚镇营业所,谭棚镇营业所,0
341221021,3,341221,3412,临泉县白庙镇营业所,临泉县白庙镇营业所,白庙镇营业所,0
341221022,3,341221,3412,临泉县高塘营业所,临泉县高塘营业所,高塘营业所,0
341221023,3,341221,3412,临泉县花园营业所,临泉县花园营业所,花园营业所,0
341221024,3,341221,3412,临泉县城南营业所,临泉县城南营业所,城南营业所,0
341221025,3,341221,3412,临泉县鲖阳路营业所,临泉县鲖阳路营业所,鲖阳路营业所,0
341221026,3,341221,3412,临泉县城北营业所,临泉县城北营业所,城北营业所,0
341221027,3,341221,3412,临泉县关庙营业所,临泉县关庙营业所,关庙营业所,0
341221028,3,341221,3412,临泉县东城营业所,临泉县东城营业所,东城营业所,0
341222,2,341222,3412,太和县,太和县,太和县,0
341222001,3,341222,3412,太和县镜湖营业所,太和县镜湖营业所,镜湖营业所,0
341222002,3,341222,3412,太和县南大街营业所,太和县南大街营业所,南大街营业所,0
341222003,3,341222,3412,太和县城北营业所,太和县城北营业所,城北营业所,0
341222004,3,341222,3412,太和县车站营业所,太和县车站营业所,车站营业所,0
341222005,3,341222,3412,太和县团结路营业所,太和县团结路营业所,团结路营业所,0
341222006,3,341222,3412,太和县沙河路营业所,太和县沙河路营业所,沙河路营业所,0
341222007,3,341222,3412,太和县李兴镇营业所,太和县李兴镇营业所,李兴镇营业所,0
341222009,3,341222,3412,太和县税镇镇营业所,太和县税镇镇营业所,税镇镇营业所,0
341222010,3,341222,3412,太和县原墙镇营业所,太和县原墙镇营业所,原墙镇营业所,0
341222011,3,341222,3412,太和县三塔镇营业所,太和县三塔镇营业所,三塔镇营业所,0
341222012,3,341222,3412,太和县苗集镇营业所,太和县苗集镇营业所,苗集镇营业所,0
341222013,3,341222,3412,太和县宫集镇营业所,太和县宫集镇营业所,宫集镇营业所,0
341222014,3,341222,3412,太和县坟台镇营业所,太和县坟台镇营业所,坟台镇营业所,0
341222015,3,341222,3412,太和县清浅镇营业所,太和县清浅镇营业所,清浅镇营业所,0
341222016,3,341222,3412,太和县三堂镇营业所,太和县三堂镇营业所,三堂镇营业所,0
341222017,3,341222,3412,太和县桑郢镇营业所,太和县桑郢镇营业所,桑郢镇营业所,0
341222018,3,341222,3412,太和县五星镇营业所,太和县五星镇营业所,五星镇营业所,0
341222019,3,341222,3412,太和县旧县营业所,太和县旧县营业所,旧县营业所,0
341222020,3,341222,3412,太和县高庙镇营业所,太和县高庙镇营业所,高庙镇营业所,0
341222021,3,341222,3412,太和县阮桥镇营业所,太和县阮桥镇营业所,阮桥镇营业所,0
341222022,3,341222,3412,太和县关集镇营业所,太和县关集镇营业所,关集镇营业所,0
341222023,3,341222,3412,太和县双浮镇营业所,太和县双浮镇营业所,双浮镇营业所,0
341222024,3,341222,3412,太和县洪山镇营业所,太和县洪山镇营业所,洪山镇营业所,0
341222025,3,341222,3412,太和县赵庙镇营业所,太和县赵庙镇营业所,赵庙镇营业所,0
341222026,3,341222,3412,太和县肖口镇营业所,太和县肖口镇营业所,肖口镇营业所,0
341222027,3,341222,3412,太和县大新镇营业所,太和县大新镇营业所,大新镇营业所,0
341222028,3,341222,3412,太和县皮条孙镇营业所,太和县皮条孙镇营业所,皮条孙镇营业所,0
341222029,3,341222,3412,太和县蔡庙镇营业所,太和县蔡庙镇营业所,蔡庙镇营业所,0
341222030,3,341222,3412,太和县宋集营业所,太和县宋集营业所,宋集营业所,0
341222031,3,341222,3412,太和县长春营业所,太和县长春营业所,长春营业所,0
341222035,3,341222,3412,太和县胡总营业所,太和县胡总营业所,胡总营业所,0
341225,2,341225,3412,阜南县,阜南县,阜南县,0
341225001,3,341225,3412,阜南县淮河东路营业所,阜南县淮河东路营业所,淮河东路营业所,0
341225002,3,341225,3412,阜南县淮河西路营业所,阜南县淮河西路营业所,淮河西路营业所,0
341225003,3,341225,3412,阜南县城郊营业所,阜南县城郊营业所,城郊营业所,0
341225004,3,341225,3412,阜南县城北营业所,阜南县城北营业所,城北营业所,0
341225005,3,341225,3412,阜南县焦阳路营业所,阜南县焦阳路营业所,焦阳路营业所,0
341225006,3,341225,3412,阜南县黄岗镇营业所,阜南县黄岗镇营业所,黄岗镇营业所,0
341225008,3,341225,3412,阜南县柴集镇营业所,阜南县柴集镇营业所,柴集镇营业所,0
341225009,3,341225,3412,阜南县朱寨镇营业所,阜南县朱寨镇营业所,朱寨镇营业所,0
341225010,3,341225,3412,阜南县三塔镇营业所,阜南县三塔镇营业所,三塔镇营业所,0
341225011,3,341225,3412,阜南县焦陂镇营业所,阜南县焦陂镇营业所,焦陂镇营业所,0
341225012,3,341225,3412,阜南县中岗镇营业所,阜南县中岗镇营业所,中岗镇营业所,0
341225013,3,341225,3412,阜南县段郢乡营业所,阜南县段郢乡营业所,段郢乡营业所,0
341225014,3,341225,3412,阜南县曹集镇营业所,阜南县曹集镇营业所,曹集镇营业所,0
341225015,3,341225,3412,阜南县许堂乡营业所,阜南县许堂乡营业所,许堂乡营业所,0
341225016,3,341225,3412,阜南县赵集镇营业所,阜南县赵集镇营业所,赵集镇营业所,0
341225017,3,341225,3412,阜南县苗集镇营业所,阜南县苗集镇营业所,苗集镇营业所,0
341225018,3,341225,3412,阜南县地城镇营业所,阜南县地城镇营业所,地城镇营业所,0
341225019,3,341225,3412,阜南县于集营业所,阜南县于集营业所,于集营业所,0
341225020,3,341225,3412,阜南县会龙营业所,阜南县会龙营业所,会龙营业所,0
341225021,3,341225,3412,阜南县公桥营业所,阜南县公桥营业所,公桥营业所,0
341225023,3,341225,3412,阜南县洪河桥镇营业所,阜南县洪河桥镇营业所,洪河桥镇营业所,0
341225027,3,341225,3412,阜南县新村镇营业所,阜南县新村镇营业所,新村镇营业所,0
341226,2,341226,3412,颍上县,颍上县,颍上县,0
341226001,3,341226,3412,颍上县青年营业所,颍上县青年营业所,青年营业所,0
341226002,3,341226,3412,颍上县杨湖镇营业所,颍上县杨湖镇营业所,杨湖镇营业所,0
341226004,3,341226,3412,颍上县城南营业所,颍上县城南营业所,城南营业所,0
341226005,3,341226,3412,颍上县江口镇营业所,颍上县江口镇营业所,江口镇营业所,0
341226006,3,341226,3412,颍上县半岗镇营业所,颍上县半岗镇营业所,半岗镇营业所,0
341226007,3,341226,3412,颍上县润河镇营业所,颍上县润河镇营业所,润河镇营业所,0
341226008,3,341226,3412,颍上县新集镇营业所,颍上县新集镇营业所,新集镇营业所,0
341226009,3,341226,3412,颍上县陈桥镇营业所,颍上县陈桥镇营业所,陈桥镇营业所,0
341226011,3,341226,3412,颍上县六十铺镇营业所,颍上县六十铺镇营业所,六十铺镇营业所,0
341226012,3,341226,3412,颍上县盛堂乡营业所,颍上县盛堂乡营业所,盛堂乡营业所,0
341226013,3,341226,3412,颍上县南照镇营业所,颍上县南照镇营业所,南照镇营业所,0
341226014,3,341226,3412,颍上县红星镇营业所,颍上县红星镇营业所,红星镇营业所,0
341226015,3,341226,3412,颍上县刘集镇营业所,颍上县刘集镇营业所,刘集镇营业所,0
341226016,3,341226,3412,颍上县夏桥镇营业所,颍上县夏桥镇营业所,夏桥镇营业所,0
341226017,3,341226,3412,颍上县十八铺镇营业所,颍上县十八铺镇营业所,十八铺镇营业所,0
341226018,3,341226,3412,颍上县建颍乡营业所,颍上县建颍乡营业所,建颍乡营业所,0
341226019,3,341226,3412,颍上县黄桥镇营业所,颍上县黄桥镇营业所,黄桥镇营业所,0
341226020,3,341226,3412,颍上县耿棚镇营业所,颍上县耿棚镇营业所,耿棚镇营业所,0
341226021,3,341226,3412,颍上县江店镇营业所,颍上县江店镇营业所,江店镇营业所,0
341226022,3,341226,3412,颍上县王岗镇营业所,颍上县王岗镇营业所,王岗镇营业所,0
341226023,3,341226,3412,颍上县营业大楼营业所,颍上县营业大楼营业所,营业大楼营业所,0
341226026,3,341226,3412,颍上县管仲营业所,颍上县管仲营业所,管仲营业所,0
341282,2,341282,3412,界首市,界首市,界首市,0
341282001,3,341282,3412,界首市人民西路营业所,界首市人民西路营业所,人民西路营业所,0
341282002,3,341282,3412,界首市宝兰营业所,界首市宝兰营业所,宝兰营业所,0
341282003,3,341282,3412,界首市田营镇营业所  ,界首市田营镇营业所  ,田营镇营业所  ,0
341282004,3,341282,3412,界首市光武广场营业所,界首市光武广场营业所,光武广场营业所,0
341282005,3,341282,3412,界首市河南营业所,界首市河南营业所,河南营业所,0
341282006,3,341282,3412,界首市东城营业所,界首市东城营业所,东城营业所,0
341282007,3,341282,3412,界首市陶庙镇营业所,界首市陶庙镇营业所,陶庙镇营业所,0
341282008,3,341282,3412,界首市泉阳镇营业所,界首市泉阳镇营业所,泉阳镇营业所,0
341282009,3,341282,3412,界首市砖集镇营业所,界首市砖集镇营业所,砖集镇营业所,0
341282010,3,341282,3412,界首市张大桥营业所,界首市张大桥营业所,张大桥营业所,0
341282011,3,341282,3412,界首市王集镇营业所,界首市王集镇营业所,王集镇营业所,0
341282013,3,341282,3412,界首市光武镇营业所,界首市光武镇营业所,光武镇营业所,0
341282014,3,341282,3412,界首市顾集镇营业所,界首市顾集镇营业所,顾集镇营业所,0
341282015,3,341282,3412,界首市舒庄镇营业所,界首市舒庄镇营业所,舒庄镇营业所,0
341282016,3,341282,3412,界首市代桥镇营业所,界首市代桥镇营业所,代桥镇营业所,0
341282019,3,341282,3412,界首市中原路营业所,界首市中原路营业所,中原路营业所,0
3413,1,000000,3413,宿州地区,宿州,宿州,0
341301,2,341301,3413,宿州市,宿州市,宿州市,0
341301001,3,341301,3413,宿州市沱河营业所,宿州市沱河营业所,沱河营业所,0
341301002,3,341301,3413,宿州市汴河西路营业所,宿州市汴河西路营业所,汴河西路营业所,0
341301003,3,341301,3413,宿州市东仙桥营业所,宿州市东仙桥营业所,东仙桥营业所,0
341301004,3,341301,3413,宿州市淮海路营业所,宿州市淮海路营业所,淮海路营业所,9
341301005,3,341301,3413,宿州市三八路营业所,宿州市三八路营业所,三八路营业所,0
341301006,3,341301,3413,宿州市银河绿苑营业所,宿州市银河绿苑营业所,银河绿苑营业所,0
341301007,3,341301,3413,宿州市道东营业所,宿州市道东营业所,道东营业所,0
341301009,3,341301,3413,宿州市纺织路营业所,宿州市纺织路营业所,纺织路营业所,0
341301010,3,341301,3413,宿州市桃园镇营业所,宿州市桃园镇营业所,桃园镇营业所,0
341301011,3,341301,3413,宿州市怀远路营业所,宿州市怀远路营业所,怀远路营业所,0
341301012,3,341301,3413,宿州市浍水东路营业所,宿州市浍水东路营业所,浍水东路营业所,0
341301013,3,341301,3413,宿州市朱仙庄镇营业所,宿州市朱仙庄镇营业所,朱仙庄镇营业所,0
341301014,3,341301,3413,宿州市时村一所营业所,宿州市时村一所营业所,时村一所营业所,0
341301015,3,341301,3413,宿州市大店镇营业所,宿州市大店镇营业所,大店镇营业所,0
341301017,3,341301,3413,宿州市时村二所营业所,宿州市时村二所营业所,时村二所营业所,0
341301020,3,341301,3413,宿州市符离镇黄山路营业所 ,宿州市符离镇黄山路营业所 ,符离镇黄山路营业所,0
341301021,3,341301,3413,宿州市符离镇中华路营业所 ,宿州市符离镇中华路营业所 ,符离镇中华路营业所,0
341301023,3,341301,3413,宿州市褚兰镇营业所,宿州市褚兰镇营业所,褚兰镇营业所,0
341301025,3,341301,3413,宿州市解集乡营业所,宿州市解集乡营业所,解集乡营业所,0
341301026,3,341301,3413,宿州市灰古镇营业所,宿州市灰古镇营业所,灰古镇营业所,0
341301027,3,341301,3413,宿州市大营镇营业所,宿州市大营镇营业所,大营镇营业所,0
341301028,3,341301,3413,宿州市西寺坡镇营业所,宿州市西寺坡镇营业所,西寺坡镇营业所,0
341301029,3,341301,3413,宿州市夹沟镇营业所,宿州市夹沟镇营业所,夹沟镇营业所,0
341301030,3,341301,3413,宿州市永安镇营业所,宿州市永安镇营业所,永安镇营业所,0
341301032,3,341301,3413,宿州市苗安乡营业所,宿州市苗安乡营业所,苗安乡营业所,0
341301034,3,341301,3413,宿州市芦岭镇营业所,宿州市芦岭镇营业所,芦岭镇营业所,0
341301036,3,341301,3413,宿州市浍水西路营业所,宿州市浍水西路营业所,浍水西路营业所,0
341301038,3,341301,3413,宿州市支河营业所,宿州市支河营业所,支河营业所,0
341301039,3,341301,3413,宿州市祁东新村营业所,宿州市祁东新村营业所,祁东新村营业所,0
341301040,3,341301,3413,宿州市蒿沟营业所,宿州市蒿沟营业所,蒿沟营业所,0
341301041,3,341301,3413,宿州市美庐花园营业所,宿州市美庐花园营业所,美庐花园营业所,9
341321,2,341321,3413,砀山县,砀山县,砀山县,0
341321001,3,341321,3413,砀山县人民东路营业所,砀山县人民东路营业所,人民东路营业所,0
341321002,3,341321,3413,砀山县葛集镇营业所,砀山县葛集镇营业所,葛集镇营业所,0
341321003,3,341321,3413,砀山县园艺场营业所,砀山县园艺场营业所,园艺场营业所,0
341321004,3,341321,3413,砀山县程庄镇营业所,砀山县程庄镇营业所,程庄镇营业所,0
341321005,3,341321,3413,砀山县曹庄镇营业所,砀山县曹庄镇营业所,曹庄镇营业所,0
341321006,3,341321,3413,砀山县良梨镇营业所,砀山县良梨镇营业所,良梨镇营业所,0
341321007,3,341321,3413,砀山县唐寨镇营业所,砀山县唐寨镇营业所,唐寨镇营业所,0
341321008,3,341321,3413,砀山县振兴营业所,砀山县振兴营业所,振兴营业所,0
341321009,3,341321,3413,砀山县范庄营业所,砀山县范庄营业所,范庄营业所,0
341321010,3,341321,3413,砀山县意发营业所,砀山县意发营业所,意发营业所,0
341321011,3,341321,3413,砀山县关帝庙镇营业所,砀山县关帝庙镇营业所,关帝庙镇营业所,0
341321012,3,341321,3413,砀山县周寨镇营业所,砀山县周寨镇营业所,周寨镇营业所,0
341321013,3,341321,3413,砀山县刘集营业所,砀山县刘集营业所,刘集营业所,0
341321014,3,341321,3413,砀山县官庄镇营业所,砀山县官庄镇营业所,官庄镇营业所,0
341321016,3,341321,3413,砀山县小屯营业所,砀山县小屯营业所,小屯营业所,0
341321017,3,341321,3413,砀山县果园场营业所,砀山县果园场营业所,果园场营业所,0
341321018,3,341321,3413,砀山县玄庙镇营业所,砀山县玄庙镇营业所,玄庙镇营业所,0
341321019,3,341321,3413,砀山县文庄营业所,砀山县文庄营业所,文庄营业所,0
341321020,3,341321,3413,砀山县刘庄营业所,砀山县刘庄营业所,刘庄营业所,0
341321021,3,341321,3413,砀山县朱楼镇营业所,砀山县朱楼镇营业所,朱楼镇营业所,0
341321022,3,341321,3413,砀山县陈庄营业所,砀山县陈庄营业所,陈庄营业所,0
341321023,3,341321,3413,砀山县东升路营业所,砀山县东升路营业所,东升路营业所,0
341322,2,341322,3413,萧县,萧县,萧县,0
341322002,3,341322,3413,萧县杨楼镇营业所,萧县杨楼镇营业所,杨楼镇营业所,0
341322004,3,341322,3413,萧县马井镇营业所,萧县马井镇营业所,马井镇营业所,0
341322005,3,341322,3413,萧县赵庄镇营业所,萧县赵庄镇营业所,赵庄镇营业所,0
341322006,3,341322,3413,萧县张庄寨镇营业所,萧县张庄寨镇营业所,张庄寨镇营业所,0
341322007,3,341322,3413,萧县王寨镇营业所,萧县王寨镇营业所,王寨镇营业所,0
341322008,3,341322,3413,萧县白土镇营业所,萧县白土镇营业所,白土镇营业所,0
341322012,3,341322,3413,萧县大庄营业所,萧县大庄营业所,大庄营业所,0
341322013,3,341322,3413,萧县朱庄营业所,萧县朱庄营业所,朱庄营业所,0
341322014,3,341322,3413,萧县大屯镇营业所,萧县大屯镇营业所,大屯镇营业所,0
341322015,3,341322,3413,萧县圣泉乡营业所,萧县圣泉乡营业所,圣泉乡营业所,0
341322016,3,341322,3413,萧县健康路营业所,萧县健康路营业所,健康路营业所,0
341322017,3,341322,3413,萧县刘套镇营业所,萧县刘套镇营业所,刘套镇营业所,0
341322018,3,341322,3413,萧县酒店乡营业所,萧县酒店乡营业所,酒店乡营业所,0
341322019,3,341322,3413,萧县城南营业所,萧县城南营业所,城南营业所,0
341322020,3,341322,3413,萧县青龙集镇营业所,萧县青龙集镇营业所,青龙集镇营业所,0
341322021,3,341322,3413,萧县国防路营业所,萧县国防路营业所,国防路营业所,0
341322022,3,341322,3413,萧县杜楼镇营业所,萧县杜楼镇营业所,杜楼镇营业所,0
341322023,3,341322,3413,萧县新庄镇营业所,萧县新庄镇营业所,新庄镇营业所,0
341322024,3,341322,3413,萧县庄里营业所,萧县庄里营业所,庄里营业所,0
341322025,3,341322,3413,萧县萧孙路营业所,萧县萧孙路营业所,萧孙路营业所,0
341322026,3,341322,3413,萧县招凤路营业所,萧县招凤路营业所,招凤路营业所,0
341323,2,341323,3413,灵壁县,灵壁县,灵壁县,0
341323002,3,341323,3413,灵璧县灵西营业所,灵璧县灵西营业所,灵西营业所,0
341323003,3,341323,3413,灵璧县韦集镇营业所,灵璧县韦集镇营业所,韦集镇营业所,0
341323004,3,341323,3413,灵璧县黄湾镇营业所,灵璧县黄湾镇营业所,黄湾镇营业所,0
341323005,3,341323,3413,灵璧县娄庄镇营业所,灵璧县娄庄镇营业所,娄庄镇营业所,0
341323006,3,341323,3413,灵璧县杨疃镇营业所,灵璧县杨疃镇营业所,杨疃镇营业所,0
341323008,3,341323,3413,灵璧县尹集镇营业所,灵璧县尹集镇营业所,尹集镇营业所,0
341323009,3,341323,3413,灵璧县尤集镇营业所,灵璧县尤集镇营业所,尤集镇营业所,0
341323010,3,341323,3413,灵璧县夏楼镇营业所,灵璧县夏楼镇营业所,夏楼镇营业所,0
341323011,3,341323,3413,灵璧县九顶镇营业所,灵璧县九顶镇营业所,九顶镇营业所,0
341323012,3,341323,3413,灵璧县渔沟镇营业所,灵璧县渔沟镇营业所,渔沟镇营业所,0
341323013,3,341323,3413,灵璧县高楼镇营业所,灵璧县高楼镇营业所,高楼镇营业所,0
341323014,3,341323,3413,灵璧县浍沟镇营业所,灵璧县浍沟镇营业所,浍沟镇营业所,0
341323016,3,341323,3413,灵璧县向阳营业所,灵璧县向阳营业所,向阳营业所,0
341323017,3,341323,3413,灵璧县朱集乡营业所,灵璧县朱集乡营业所,朱集乡营业所,0
341323018,3,341323,3413,灵璧县大路乡营业所,灵璧县大路乡营业所,大路乡营业所,0
341323019,3,341323,3413,灵璧县大庙乡营业所,灵璧县大庙乡营业所,大庙乡营业所,0
341323020,3,341323,3413,灵璧县禅堂营业所,灵璧县禅堂营业所,禅堂营业所,0
341324,2,341324,3413,泗县,泗县,泗县,0
341324001,3,341324,3413,泗县草沟镇营业所,泗县草沟镇营业所,草沟镇营业所,0
341324003,3,341324,3413,泗县黄圩镇营业所,泗县黄圩镇营业所,黄圩镇营业所,0
341324004,3,341324,3413,泗县屏山镇营业所,泗县屏山镇营业所,屏山镇营业所,0
341324005,3,341324,3413,泗县山头镇营业所,泗县山头镇营业所,山头镇营业所,0
341324006,3,341324,3413,泗县黑塔镇营业所,泗县黑塔镇营业所,黑塔镇营业所,0
341324007,3,341324,3413,泗县刘圩镇营业所,泗县刘圩镇营业所,刘圩镇营业所,0
341324008,3,341324,3413,泗县墩集镇营业所,泗县墩集镇营业所,墩集镇营业所,0
341324009,3,341324,3413,泗县丁湖镇营业所,泗县丁湖镇营业所,丁湖镇营业所,0
341324010,3,341324,3413,泗县南关营业所,泗县南关营业所,南关营业所,0
341324011,3,341324,3413,泗县长沟镇营业所,泗县长沟镇营业所,长沟镇营业所,0
341324012,3,341324,3413,泗县瓦坊营业所,泗县瓦坊营业所,瓦坊营业所,0
341324015,3,341324,3413,泗县杨集营业所,泗县杨集营业所,杨集营业所,0
3415,1,000000,3415,六安地区,六安,六安,0
341501,2,341501,3415,六安市,六安市,六安市,0
341501001,3,341501,3415,六安市人民路营业所,六安市人民路营业所,人民路营业所,9
341501002,3,341501,3415,六安市三里桥营业所,六安市三里桥营业所,三里桥营业所,0
341501003,3,341501,3415,六安市七里站营业所,六安市七里站营业所,七里站营业所,0
341501005,3,341501,3415,六安市皋城路营业所,六安市皋城路营业所,皋城路营业所,0
341501007,3,341501,3415,六安市解放北路营业所,六安市解放北路营业所,解放北路营业所,0
341501008,3,341501,3415,六安市小东门营业所,六安市小东门营业所,小东门营业所,9
341501011,3,341501,3415,六安市新安镇营业所,六安市新安镇营业所,新安镇营业所,0
341501012,3,341501,3415,六安市徐集营业所,六安市徐集营业所,徐集营业所,0
341501013,3,341501,3415,六安市东河口镇营业所,六安市东河口镇营业所,东河口镇营业所,0
341501014,3,341501,3415,六安市丁集镇营业所,六安市丁集镇营业所,丁集镇营业所,0
341501015,3,341501,3415,六安市独山营业所,六安市独山营业所,独山营业所,0
341501017,3,341501,3415,六安市三十铺营业所,六安市三十铺营业所,三十铺营业所,0
341501018,3,341501,3415,六安市双河营业所,六安市双河营业所,双河营业所,0
341501019,3,341501,3415,六安市孙岗镇营业所,六安市孙岗镇营业所,孙岗镇营业所,0
341501020,3,341501,3415,六安市毛坦厂镇营业所,六安市毛坦厂镇营业所,毛坦厂镇营业所,0
341501021,3,341501,3415,六安市施桥镇营业所,六安市施桥镇营业所,施桥镇营业所,0
341501022,3,341501,3415,六安市椿树营业所,六安市椿树营业所,椿树营业所,0
341501023,3,341501,3415,六安市分路口营业所,六安市分路口营业所,分路口营业所,0
341501024,3,341501,3415,六安市固镇营业所,六安市固镇营业所,固镇营业所,0
341501025,3,341501,3415,六安市城南镇营业所,六安市城南镇营业所,城南镇营业所,0
341501026,3,341501,3415,六安市江店镇营业所,六安市江店镇营业所,江店镇营业所,0
341501027,3,341501,3415,六安市城东营业所,六安市城东营业所,城东营业所,0
341501028,3,341501,3415,六安市叶集城关营业所,六安市叶集城关营业所,叶集城关营业所,0
341501029,3,341501,3415,六安市龙河路营业所,六安市龙河路营业所,龙河路营业所,0
341522,2,341522,3415,霍邱县,霍邱县,霍邱县,0
341522001,3,341522,3415,霍邱县西湖路营业所,霍邱县西湖路营业所,西湖路营业所,0
341522002,3,341522,3415,霍邱县光明路营业所,霍邱县光明路营业所,光明路营业所,0
341522004,3,341522,3415,霍邱县马店营业所,霍邱县马店营业所,马店营业所,0
341522005,3,341522,3415,霍邱县姚李镇营业所,霍邱县姚李镇营业所,姚李镇营业所,0
341522006,3,341522,3415,霍邱县长集镇营业所,霍邱县长集镇营业所,长集镇营业所,0
341522007,3,341522,3415,霍邱县新店镇营业所,霍邱县新店镇营业所,新店镇营业所,0
341522008,3,341522,3415,霍邱县潘集镇营业所,霍邱县潘集镇营业所,潘集镇营业所,0
341522009,3,341522,3415,霍邱县孟集镇营业所,霍邱县孟集镇营业所,孟集镇营业所,0
341522010,3,341522,3415,霍邱县高塘镇营业所,霍邱县高塘镇营业所,高塘镇营业所,0
341522011,3,341522,3415,霍邱县岔路镇营业所,霍邱县岔路镇营业所,岔路镇营业所,0
341522012,3,341522,3415,霍邱县河口营业所,霍邱县河口营业所,河口营业所,0
341522013,3,341522,3415,霍邱县户胡镇营业所,霍邱县户胡镇营业所,户胡镇营业所,0
341522014,3,341522,3415,霍邱县城南营业所,霍邱县城南营业所,城南营业所,0
341522015,3,341522,3415,霍邱县蓼城路营业所,霍邱县蓼城路营业所,蓼城路营业所,0
341522016,3,341522,3415,霍邱县石店镇营业所,霍邱县石店镇营业所,石店镇营业所,0
341522018,3,341522,3415,霍邱县洪集镇营业所,霍邱县洪集镇营业所,洪集镇营业所,0
341523,2,341523,3415,舒城县,舒城县,舒城县,0
341523001,3,341523,3415,舒城县春秋路营业所,舒城县春秋路营业所,春秋路营业所,0
341523003,3,341523,3415,舒城县十字街营业所,舒城县十字街营业所,十字街营业所,0
341523004,3,341523,3415,舒城县城西营业所,舒城县城西营业所,城西营业所,0
341523005,3,341523,3415,舒城县干汊河营业所,舒城县干汊河营业所,干汊河营业所,0
341523006,3,341523,3415,舒城县花桥路营业所,舒城县花桥路营业所,花桥路营业所,0
341523007,3,341523,3415,舒城县柏林乡营业所,舒城县柏林乡营业所,柏林乡营业所,0
341523008,3,341523,3415,舒城县桃溪营业所,舒城县桃溪营业所,桃溪营业所,0
341523009,3,341523,3415,舒城县孔集营业所,舒城县孔集营业所,孔集营业所,0
341523010,3,341523,3415,舒城县晓天镇营业所,舒城县晓天镇营业所,晓天镇营业所,0
341523011,3,341523,3415,舒城县高峰乡营业所,舒城县高峰乡营业所,高峰乡营业所,0
341523012,3,341523,3415,舒城县山七镇营业所,舒城县山七镇营业所,山七镇营业所,0
341523013,3,341523,3415,舒城县南港营业所,舒城县南港营业所,南港营业所,0
341523014,3,341523,3415,舒城县西衖营业所,舒城县西衖营业所,西衖营业所,0
341523015,3,341523,3415,舒城县舒茶营业所,舒城县舒茶营业所,舒茶营业所,0
341523016,3,341523,3415,舒城县春秋乡营业所,舒城县春秋乡营业所,春秋乡营业所,0
341523017,3,341523,3415,舒城县千人桥营业所,舒城县千人桥营业所,千人桥营业所,0
341523018,3,341523,3415,舒城县杭埠镇营业所,舒城县杭埠镇营业所,杭埠镇营业所,0
341523019,3,341523,3415,舒城县百神庙营业所,舒城县百神庙营业所,百神庙营业所,0
341523020,3,341523,3415,舒城县张母桥营业所,舒城县张母桥营业所,张母桥营业所,0
341523021,3,341523,3415,舒城县棠树乡营业所,舒城县棠树乡营业所,棠树乡营业所,0
341523022,3,341523,3415,舒城县万佛湖营业所,舒城县万佛湖营业所,万佛湖营业所,0
341523023,3,341523,3415,舒城县阙店乡营业所,舒城县阙店乡营业所,阙店乡营业所,0
341523025,3,341523,3415,舒城县汤池镇营业所,舒城县汤池镇营业所,汤池镇营业所,0
341523026,3,341523,3415,舒城县河棚镇营业所,舒城县河棚镇营业所,河棚镇营业所,0
341523028,3,341523,3415,舒城县马河营业所,舒城县马河营业所,马河营业所,0
341524,2,341524,3415,金寨县,金寨县,金寨县,0
341524001,3,341524,3415,金寨县金江路营业所,金寨县金江路营业所,金江路营业所,0
341524003,3,341524,3415,金寨县江店营业所,金寨县江店营业所,江店营业所,0
341524004,3,341524,3415,金寨县青山营业所,金寨县青山营业所,青山营业所,0
341524006,3,341524,3415,金寨县古碑镇营业所,金寨县古碑镇营业所,古碑镇营业所,0
341524007,3,341524,3415,金寨县斑竹园营业所,金寨县斑竹园营业所,斑竹园营业所,0
341524008,3,341524,3415,金寨县南溪镇营业所,金寨县南溪镇营业所,南溪镇营业所,0
341524009,3,341524,3415,金寨县双河镇营业所,金寨县双河镇营业所,双河镇营业所,0
341524011,3,341524,3415,金寨县白塔畈营业所,金寨县白塔畈营业所,白塔畈营业所,0
341524012,3,341524,3415,金寨县金顾路营业所,金寨县金顾路营业所,金顾路营业所,0
341524014,3,341524,3415,金寨县吴家店营业所,金寨县吴家店营业所,吴家店营业所,0
341524017,3,341524,3415,金寨县汤家汇镇营业所,金寨县汤家汇镇营业所,汤家汇镇营业所,0
341524018,3,341524,3415,金寨县关庙乡营业所,金寨县关庙乡营业所,关庙乡营业所,0
341524019,3,341524,3415,金寨县天堂寨镇营业所,金寨县天堂寨镇营业所,天堂寨镇营业所,0
341525,2,341525,3415,霍山县,霍山县,霍山县,0
341525002,3,341525,3415,霍山县古城营业所,霍山县古城营业所,古城营业所,0
341525003,3,341525,3415,霍山县诸佛庵营业所,霍山县诸佛庵营业所,诸佛庵营业所,0
341525004,3,341525,3415,霍山县落儿岭镇营业所,霍山县落儿岭镇营业所,落儿岭镇营业所,0
341525005,3,341525,3415,霍山县迎驾厂营业所,霍山县迎驾厂营业所,迎驾厂营业所,0
341525006,3,341525,3415,霍山县开发区营业所,霍山县开发区营业所,开发区营业所,0
341525007,3,341525,3415,霍山县佛子岭营业所,霍山县佛子岭营业所,佛子岭营业所,0
341525008,3,341525,3415,霍山县漫水河镇营业所,霍山县漫水河镇营业所,漫水河镇营业所,0
341525009,3,341525,3415,霍山县磨子潭镇营业所,霍山县磨子潭镇营业所,磨子潭镇营业所,0
341525010,3,341525,3415,霍山县大化坪营业所,霍山县大化坪营业所,大化坪营业所,0
341525011,3,341525,3415,霍山县下符桥镇营业所,霍山县下符桥镇营业所,下符桥镇营业所,0
341525013,3,341525,3415,霍山县绿色商城营业所,霍山县绿色商城营业所,绿色商城营业所,0
341525014,3,341525,3415,霍山县上土市镇营业所,霍山县上土市镇营业所,上土市镇营业所,0
341525015,3,341525,3415,霍山县西溪营业所,霍山县西溪营业所,西溪营业所,0
341525016,3,341525,3415,霍山县文峰营业所,霍山县文峰营业所,文峰营业所,0
3416,1,000000,3416,亳州地区,亳州,亳州,0
341601,2,341601,3416,亳州市,亳州市,亳州市,0
341601001,3,341601,3416,亳州市北门口营业所,亳州市北门口营业所,北门口营业所,0
341601002,3,341601,3416,亳州市凤河湾营业所,亳州市凤河湾营业所,凤河湾营业所,0
341601003,3,341601,3416,亳州市花戏楼营业所,亳州市花戏楼营业所,花戏楼营业所,0
341601004,3,341601,3416,亳州市南关营业所,亳州市南关营业所,南关营业所,0
341601005,3,341601,3416,亳州市光明路营业所,亳州市光明路营业所,光明路营业所,0
341601006,3,341601,3416,亳州市汤陵营业所,亳州市汤陵营业所,汤陵营业所,0
341601007,3,341601,3416,亳州市辛集营业所,亳州市辛集营业所,辛集营业所,0
341601008,3,341601,3416,亳州市金楼营业所,亳州市金楼营业所,金楼营业所,0
341601009,3,341601,3416,亳州市刘庄营业所,亳州市刘庄营业所,刘庄营业所,0
341601010,3,341601,3416,亳州市交易中心营业所,亳州市交易中心营业所,交易中心营业所,0
341601011,3,341601,3416,亳州市刘元营业所,亳州市刘元营业所,刘元营业所,0
341601012,3,341601,3416,亳州市五马营业所,亳州市五马营业所,五马营业所,0
341601013,3,341601,3416,亳州市谯陵营业所,亳州市谯陵营业所,谯陵营业所,0
341601014,3,341601,3416,亳州市魏武营业所,亳州市魏武营业所,魏武营业所,0
341601015,3,341601,3416,亳州市新兴营业所,亳州市新兴营业所,新兴营业所,0
341601016,3,341601,3416,亳州市民族营业所,亳州市民族营业所,民族营业所,0
341601018,3,341601,3416,亳州市古井镇营业所,亳州市古井镇营业所,古井镇营业所,0
341601019,3,341601,3416,亳州市十九里镇营业所,亳州市十九里镇营业所,十九里镇营业所,0
341601020,3,341601,3416,亳州市十河镇营业所,亳州市十河镇营业所,十河镇营业所,0
341601022,3,341601,3416,亳州市张集镇营业所,亳州市张集镇营业所,张集镇营业所,0
341601023,3,341601,3416,亳州市魏岗镇营业所,亳州市魏岗镇营业所,魏岗镇营业所,0
341601024,3,341601,3416,亳州市沙土镇营业所,亳州市沙土镇营业所,沙土镇营业所,0
341601025,3,341601,3416,亳州市城父镇营业所,亳州市城父镇营业所,城父镇营业所,0
341601027,3,341601,3416,亳州市古城镇营业所,亳州市古城镇营业所,古城镇营业所,0
341601028,3,341601,3416,亳州市双沟镇营业所,亳州市双沟镇营业所,双沟镇营业所,0
341601029,3,341601,3416,亳州市十八里镇营业所,亳州市十八里镇营业所,十八里镇营业所,0
341601030,3,341601,3416,亳州市小奈营业所,亳州市小奈营业所,小奈营业所,0
341601031,3,341601,3416,亳州市赵桥营业所,亳州市赵桥营业所,赵桥营业所,0
341601037,3,341601,3416,亳州市交易中心营业所,亳州市交易中心营业所,交易中心营业所,9
341621,2,341621,3416,涡阳县,涡阳县,涡阳县,0
341621002,3,341621,3416,涡阳县青年营业所,涡阳县青年营业所,青年营业所,0
341621003,3,341621,3416,涡阳县东城营业所,涡阳县东城营业所,东城营业所,0
341621004,3,341621,3416,涡阳县雉河楼营业所,涡阳县雉河楼营业所,雉河楼营业所,0
341621005,3,341621,3416,涡阳县三星营业所,涡阳县三星营业所,三星营业所,0
341621007,3,341621,3416,涡阳县义门镇营业所,涡阳县义门镇营业所,义门镇营业所,0
341621008,3,341621,3416,涡阳县文昌营业所,涡阳县文昌营业所,文昌营业所,0
341621009,3,341621,3416,涡阳县城东营业所,涡阳县城东营业所,城东营业所,0
341621010,3,341621,3416,涡阳县健康营业所,涡阳县健康营业所,健康营业所,0
341621011,3,341621,3416,涡阳县店集镇营业所,涡阳县店集镇营业所,店集镇营业所,0
341621012,3,341621,3416,涡阳县双庙镇营业所,涡阳县双庙镇营业所,双庙镇营业所,0
341621013,3,341621,3416,涡阳县标里营业所,涡阳县标里营业所,标里营业所,0
341621014,3,341621,3416,涡阳县青町镇营业所,涡阳县青町镇营业所,青町镇营业所,0
341621015,3,341621,3416,涡阳县临湖镇营业所,涡阳县临湖镇营业所,临湖镇营业所,0
341621016,3,341621,3416,涡阳县新兴镇营业所,涡阳县新兴镇营业所,新兴镇营业所,0
341621017,3,341621,3416,涡阳县高炉镇营业所,涡阳县高炉镇营业所,高炉镇营业所,0
341621018,3,341621,3416,涡阳县绿缘营业所,涡阳县绿缘营业所,绿缘营业所,0
341621019,3,341621,3416,涡阳县鸿雁营业所,涡阳县鸿雁营业所,鸿雁营业所,0
341621020,3,341621,3416,涡阳县单集营业所,涡阳县单集营业所,单集营业所,0
341621021,3,341621,3416,涡阳县曹市镇营业所,涡阳县曹市镇营业所,曹市镇营业所,0
341621022,3,341621,3416,涡阳县牌坊镇营业所,涡阳县牌坊镇营业所,牌坊镇营业所,0
341621023,3,341621,3416,涡阳县丹城镇营业所,涡阳县丹城镇营业所,丹城镇营业所,0
341621024,3,341621,3416,涡阳县城西营业所,涡阳县城西营业所,城西营业所,0
341621025,3,341621,3416,涡阳县石弓镇营业所,涡阳县石弓镇营业所,石弓镇营业所,0
341621026,3,341621,3416,涡阳县龙山镇营业所,涡阳县龙山镇营业所,龙山镇营业所,0
341621027,3,341621,3416,涡阳县花沟镇营业所,涡阳县花沟镇营业所,花沟镇营业所,0
341621028,3,341621,3416,涡阳县西阳镇营业所,涡阳县西阳镇营业所,西阳镇营业所,0
341621029,3,341621,3416,涡阳县楚店镇营业所,涡阳县楚店镇营业所,楚店镇营业所,0
341622,2,341622,3416,蒙城县,蒙城县,蒙城县,0
341622001,3,341622,3416,蒙城县新城营业所,蒙城县新城营业所,新城营业所,0
341622002,3,341622,3416,蒙城县鸿兴营业所,蒙城县鸿兴营业所,鸿兴营业所,0
341622003,3,341622,3416,蒙城县许疃镇营业所,蒙城县许疃镇营业所,许疃镇营业所,0
341622004,3,341622,3416,蒙城县辛集营业所,蒙城县辛集营业所,辛集营业所,0
341622005,3,341622,3416,蒙城县淮北路营业所,蒙城县淮北路营业所,淮北路营业所,0
341622006,3,341622,3416,蒙城县阜蚌路营业所,蒙城县阜蚌路营业所,阜蚌路营业所,0
341622007,3,341622,3416,蒙城县闸南营业所,蒙城县闸南营业所,闸南营业所,0
341622008,3,341622,3416,蒙城县双涧镇营业所,蒙城县双涧镇营业所,双涧镇营业所,0
341622009,3,341622,3416,蒙城县小涧镇营业所,蒙城县小涧镇营业所,小涧镇营业所,0
341622010,3,341622,3416,蒙城县板桥镇营业所,蒙城县板桥镇营业所,板桥镇营业所,0
341622012,3,341622,3416,蒙城县坛城镇营业所,蒙城县坛城镇营业所,坛城镇营业所,0
341622013,3,341622,3416,蒙城县立仓镇营业所,蒙城县立仓镇营业所,立仓镇营业所,0
341622014,3,341622,3416,蒙城县三义镇营业所,蒙城县三义镇营业所,三义镇营业所,0
341622015,3,341622,3416,蒙城县乐土镇营业所,蒙城县乐土镇营业所,乐土镇营业所,0
341622016,3,341622,3416,蒙城县楚村镇营业所,蒙城县楚村镇营业所,楚村镇营业所,0
341622017,3,341622,3416,蒙城县范集镇营业所,蒙城县范集镇营业所,范集镇营业所,0
341622018,3,341622,3416,蒙城县鸿利营业所,蒙城县鸿利营业所,鸿利营业所,0
341622019,3,341622,3416,蒙城县鸿运营业所,蒙城县鸿运营业所,鸿运营业所,0
341622020,3,341622,3416,蒙城县兴涧营业所,蒙城县兴涧营业所,兴涧营业所,0
341622021,3,341622,3416,蒙城县黄山营业所,蒙城县黄山营业所,黄山营业所,0
341623,2,341623,3416,利辛县,利辛县,利辛县,0
341623001,3,341623,3416,利辛县向阳营业所,利辛县向阳营业所,向阳营业所,0
341623002,3,341623,3416,利辛县淝河路营业所,利辛县淝河路营业所,淝河路营业所,0
341623003,3,341623,3416,利辛县人民中路营业所,利辛县人民中路营业所,人民中路营业所,9
341623005,3,341623,3416,利辛县潘楼镇营业所,利辛县潘楼镇营业所,潘楼镇营业所,0
341623006,3,341623,3416,利辛县张村镇营业所,利辛县张村镇营业所,张村镇营业所,0
341623008,3,341623,3416,利辛县阚町镇营业所,利辛县阚町镇营业所,阚町镇营业所,0
341623009,3,341623,3416,利辛县王市镇营业所,利辛县王市镇营业所,王市镇营业所,0
341623010,3,341623,3416,利辛县展沟镇营业所,利辛县展沟镇营业所,展沟镇营业所,0
341623011,3,341623,3416,利辛县巩店镇营业所,利辛县巩店镇营业所,巩店镇营业所,0
341623012,3,341623,3416,利辛县王人镇营业所,利辛县王人镇营业所,王人镇营业所,0
341623013,3,341623,3416,利辛县望疃镇营业所,利辛县望疃镇营业所,望疃镇营业所,0
341623014,3,341623,3416,利辛县旧城镇营业所,利辛县旧城镇营业所,旧城镇营业所,0
341623015,3,341623,3416,利辛县孙集镇营业所,利辛县孙集镇营业所,孙集镇营业所,0
341623016,3,341623,3416,利辛县汝集镇营业所,利辛县汝集镇营业所,汝集镇营业所,0
341623017,3,341623,3416,利辛县张集镇营业所,利辛县张集镇营业所,张集镇营业所,0
341623018,3,341623,3416,利辛县永兴镇营业所,利辛县永兴镇营业所,永兴镇营业所,0
341623019,3,341623,3416,利辛县大李集镇营业所,利辛县大李集镇营业所,大李集镇营业所,0
341623020,3,341623,3416,利辛县马店镇营业所,利辛县马店镇营业所,马店镇营业所,0
341623021,3,341623,3416,利辛县江集镇营业所,利辛县江集镇营业所,江集镇营业所,0
341623022,3,341623,3416,利辛县中町镇营业所,利辛县中町镇营业所,中町镇营业所,0
341623023,3,341623,3416,利辛县新桥营业所,利辛县新桥营业所,新桥营业所,0
341623024,3,341623,3416,利辛县水厂营业所,利辛县水厂营业所,水厂营业所,0
3417,1,000000,3417,池州地区,池州,池州,0
341701,2,341701,3417,池州市,池州市,池州市,0
341701002,3,341701,3417,池州市观前营业所,池州市观前营业所,观前营业所,0
341701005,3,341701,3417,池州市潘桥营业所,池州市潘桥营业所,潘桥营业所,0
341701007,3,341701,3417,池州市百牙营业所,池州市百牙营业所,百牙营业所,0
341701008,3,341701,3417,池州市池口营业所,池州市池口营业所,池口营业所,0
341701009,3,341701,3417,池州市梅龙营业所,池州市梅龙营业所,梅龙营业所,0
341701011,3,341701,3417,池州市高岭营业所,池州市高岭营业所,高岭营业所,0
341701012,3,341701,3417,池州市牌楼镇营业所,池州市牌楼镇营业所,牌楼镇营业所,0
341701013,3,341701,3417,池州市马衙营业所,池州市马衙营业所,马衙营业所,0
341701014,3,341701,3417,池州市解放营业所,池州市解放营业所,解放营业所,0
341701015,3,341701,3417,池州市刘街营业所,池州市刘街营业所,刘街营业所,0
341701016,3,341701,3417,池州市墩上营业所,池州市墩上营业所,墩上营业所,0
341701017,3,341701,3417,池州市牛头山镇营业所,池州市牛头山镇营业所,牛头山镇营业所,0
341701018,3,341701,3417,池州市茅坦营业所,池州市茅坦营业所,茅坦营业所,0
341701019,3,341701,3417,池州市齐山营业所,池州市齐山营业所,齐山营业所,0
341701020,3,341701,3417,池州市梅村镇营业所,池州市梅村镇营业所,梅村镇营业所,0
341701021,3,341701,3417,池州市棠溪镇营业所,池州市棠溪镇营业所,棠溪镇营业所,0
341701022,3,341701,3417,池州市杏村营业所,池州市杏村营业所,杏村营业所,0
341701023,3,341701,3417,池州市高坦营业所,池州市高坦营业所,高坦营业所,0
341701024,3,341701,3417,池州市涓桥镇营业所,池州市涓桥镇营业所,涓桥镇营业所,0
341701025,3,341701,3417,池州市唐田镇营业所,池州市唐田镇营业所,唐田镇营业所,0
341701026,3,341701,3417,池州市翠微路营业所,池州市翠微路营业所,翠微路营业所,9
341701027,3,341701,3417,池州市九华山营业所,池州市九华山营业所,九华山营业所,0
341701028,3,341701,3417,池州市翠微苑营业所,池州市翠微苑营业所,翠微苑营业所,0
341721,2,341721,3417,东至县,东至县,东至县,0
341721002,3,341721,3417,东至县张溪镇营业所,东至县张溪镇营业所,张溪镇营业所,0
341721004,3,341721,3417,东至县大渡口镇营业所,东至县大渡口镇营业所,大渡口镇营业所,0
341721005,3,341721,3417,东至县东流镇营业所,东至县东流镇营业所,东流镇营业所,0
341721006,3,341721,3417,东至县大渡口镇解放街营业所 ,东至县大渡口镇解放街营业所 ,大渡口镇解放街营业所,0
341721007,3,341721,3417,东至县官港镇营业所,东至县官港镇营业所,官港镇营业所,0
341721008,3,341721,3417,东至县昭潭镇营业所,东至县昭潭镇营业所,昭潭镇营业所,0
341721009,3,341721,3417,东至县东流镇菊江营业所 ,东至县东流镇菊江营业所 ,东流镇菊江营业所,0
341721010,3,341721,3417,东至县香隅镇营业所,东至县香隅镇营业所,香隅镇营业所,0
341721011,3,341721,3417,东至县洋湖镇营业所,东至县洋湖镇营业所,洋湖镇营业所,0
341721012,3,341721,3417,东至县泥溪镇营业所,东至县泥溪镇营业所,泥溪镇营业所,0
341721013,3,341721,3417,东至县花园营业所,东至县花园营业所,花园营业所,0
341721014,3,341721,3417,东至县木塔营业所,东至县木塔营业所,木塔营业所,0
341721015,3,341721,3417,东至县查桥营业所,东至县查桥营业所,查桥营业所,0
341721016,3,341721,3417,东至县龙泉镇营业所,东至县龙泉镇营业所,龙泉镇营业所,0
341721017,3,341721,3417,东至县利安营业所,东至县利安营业所,利安营业所,0
341721018,3,341721,3417,东至县西湖营业所,东至县西湖营业所,西湖营业所,0
341721019,3,341721,3417,东至县建设路营业所,东至县建设路营业所,建设路营业所,0
341721020,3,341721,3417,东至县葛公镇营业所,东至县葛公镇营业所,葛公镇营业所,0
341721021,3,341721,3417,东至县万寿巷营业所,东至县万寿巷营业所,万寿巷营业所,0
341722,2,341722,3417,石台县,石台县,石台县,0
341722002,3,341722,3417,石台县鸿雁营业所,石台县鸿雁营业所,鸿雁营业所,0
341722003,3,341722,3417,石台县大演营业所,石台县大演营业所,大演营业所,0
341722004,3,341722,3417,石台县七都镇营业所,石台县七都镇营业所,七都镇营业所,0
341722005,3,341722,3417,石台县六都营业所,石台县六都营业所,六都营业所,0
341722006,3,341722,3417,石台县丁香镇营业所,石台县丁香镇营业所,丁香镇营业所,0
341722007,3,341722,3417,石台县小河镇营业所,石台县小河镇营业所,小河镇营业所,0
341722008,3,341722,3417,石台县占大营业所,石台县占大营业所,占大营业所,0
341723,2,341723,3417,青阳县,青阳县,青阳县,0
341723001,3,341723,3417,青阳县蓉城镇营业所,青阳县蓉城镇营业所,蓉城镇营业所,0
341723003,3,341723,3417,青阳县木镇镇营业所,青阳县木镇镇营业所,木镇镇营业所,0
341723004,3,341723,3417,青阳县庙前镇营业所,青阳县庙前镇营业所,庙前镇营业所,0
341723005,3,341723,3417,青阳县杨田镇营业所,青阳县杨田镇营业所,杨田镇营业所,0
341723006,3,341723,3417,青阳县乔木乡营业所,青阳县乔木乡营业所,乔木乡营业所,0
341723007,3,341723,3417,青阳县酉华营业所,青阳县酉华营业所,酉华营业所,0
341723008,3,341723,3417,青阳县杜村乡营业所,青阳县杜村乡营业所,杜村乡营业所,0
341723009,3,341723,3417,青阳县竹阳营业所,青阳县竹阳营业所,竹阳营业所,0
341723010,3,341723,3417,青阳县丁桥镇营业所,青阳县丁桥镇营业所,丁桥镇营业所,0
341723011,3,341723,3417,青阳县庙前路营业所,青阳县庙前路营业所,庙前路营业所,9
341723013,3,341723,3417,青阳县新河镇营业所,青阳县新河镇营业所,新河镇营业所,0
3418,1,000000,3418,宣城地区,宣城,宣城,0
341801,2,341801,3418,宣城市,宣城市,宣城市,0
341801001,3,341801,3418,宣城市水阳营业所,宣城市水阳营业所,水阳营业所,0
341801004,3,341801,3418,宣城市周王营业所,宣城市周王营业所,周王营业所,0
341801005,3,341801,3418,宣城市狸桥营业所,宣城市狸桥营业所,狸桥营业所,0
341801007,3,341801,3418,宣城市双桥营业所,宣城市双桥营业所,双桥营业所,0
341801008,3,341801,3418,宣城市杨柳营业所,宣城市杨柳营业所,杨柳营业所,0
341801009,3,341801,3418,宣城市军天湖营业所,宣城市军天湖营业所,军天湖营业所,0
341801010,3,341801,3418,宣城市孙埠镇营业所,宣城市孙埠镇营业所,孙埠镇营业所,0
341801011,3,341801,3418,宣城市洪林镇营业所,宣城市洪林镇营业所,洪林镇营业所,0
341801013,3,341801,3418,宣城市寒亭营业所,宣城市寒亭营业所,寒亭营业所,0
341801015,3,341801,3418,宣城市九州营业所,宣城市九州营业所,九州营业所,0
341801016,3,341801,3418,宣城市西林路营业所,宣城市西林路营业所,西林路营业所,9
341801017,3,341801,3418,宣城市民族路营业所,宣城市民族路营业所,民族路营业所,0
341801018,3,341801,3418,宣城市凤凰桥营业所,宣城市凤凰桥营业所,凤凰桥营业所,9
341821,2,341821,3418,郎溪县,郎溪县,郎溪县,0
341821002,3,341821,3418,郎溪县白茅岭营业所,郎溪县白茅岭营业所,白茅岭营业所,0
341821004,3,341821,3418,郎溪县梅渚营业所,郎溪县梅渚营业所,梅渚营业所,0
341821005,3,341821,3418,郎溪县东夏镇营业所,郎溪县东夏镇营业所,东夏镇营业所,0
341821006,3,341821,3418,郎溪县定埠营业所,郎溪县定埠营业所,定埠营业所,0
341821007,3,341821,3418,郎溪县中港路营业所,郎溪县中港路营业所,中港路营业所,0
341821008,3,341821,3418,郎溪县涛城镇营业所,郎溪县涛城镇营业所,涛城镇营业所,0
341821009,3,341821,3418,郎溪县凌笪营业所,郎溪县凌笪营业所,凌笪营业所,0
341821010,3,341821,3418,郎溪县新发营业所,郎溪县新发营业所,新发营业所,0
341822,2,341822,3418,广德县,广德县,广德县,0
341822002,3,341822,3418,广德县商城营业所,广德县商城营业所,商城营业所,0
341822003,3,341822,3418,广德县卢村营业所,广德县卢村营业所,卢村营业所,0
341822004,3,341822,3418,广德县柏垫镇营业所,广德县柏垫镇营业所,柏垫镇营业所,0
341822006,3,341822,3418,广德县誓节营业所,广德县誓节营业所,誓节营业所,0
341822007,3,341822,3418,广德县邱村营业所,广德县邱村营业所,邱村营业所,0
341822008,3,341822,3418,广德县独山营业所,广德县独山营业所,独山营业所,0
341822009,3,341822,3418,广德县流洞营业所,广德县流洞营业所,流洞营业所,0
341822010,3,341822,3418,广德县花园营业所,广德县花园营业所,花园营业所,0
341822011,3,341822,3418,广德县新杭营业所,广德县新杭营业所,新杭营业所,0
341822012,3,341822,3418,广德县四合营业所,广德县四合营业所,四合营业所,0
341823,2,341823,3418,泾县,泾县,泾县,0
341823001,3,341823,3418,泾县包合营业所,泾县包合营业所,包合营业所,0
341823002,3,341823,3418,泾县晏公营业所,泾县晏公营业所,晏公营业所,0
341823003,3,341823,3418,泾县厚岸营业所,泾县厚岸营业所,厚岸营业所,0
341823005,3,341823,3418,泾县蔡村营业所,泾县蔡村营业所,蔡村营业所,0
341823006,3,341823,3418,泾县云岭营业所,泾县云岭营业所,云岭营业所,0
341823007,3,341823,3418,泾县茂林镇营业所,泾县茂林镇营业所,茂林镇营业所,0
341823008,3,341823,3418,泾县榔桥营业所,泾县榔桥营业所,榔桥营业所,0
341823009,3,341823,3418,泾县章渡营业所,泾县章渡营业所,章渡营业所,0
341823010,3,341823,3418,泾县桃花潭镇营业所,泾县桃花潭镇营业所,桃花潭镇营业所,0
341823011,3,341823,3418,泾县琴溪营业所,泾县琴溪营业所,琴溪营业所,0
341823012,3,341823,3418,泾县孤峰营业所,泾县孤峰营业所,孤峰营业所,0
341823013,3,341823,3418,泾县丁家桥营业所,泾县丁家桥营业所,丁家桥营业所,0
341823014,3,341823,3418,泾县太平湖营业所,泾县太平湖营业所,太平湖营业所,0
341823016,3,341823,3418,泾县绿宝商业街营业所,泾县绿宝商业街营业所,绿宝商业街营业所,0
341824,2,341824,3418,绩溪县,绩溪县,绩溪县,0
341824002,3,341824,3418,绩溪县西街营业所,绩溪县西街营业所,西街营业所,0
341824004,3,341824,3418,绩溪县长安镇营业所,绩溪县长安镇营业所,长安镇营业所,0
341824005,3,341824,3418,绩溪县扬溪营业所,绩溪县扬溪营业所,扬溪营业所,0
341824006,3,341824,3418,绩溪县金沙营业所,绩溪县金沙营业所,金沙营业所,0
341824007,3,341824,3418,绩溪县家朋乡营业所,绩溪县家朋乡营业所,家朋乡营业所,0
341824008,3,341824,3418,绩溪县伏岭镇营业所,绩溪县伏岭镇营业所,伏岭镇营业所,0
341824009,3,341824,3418,绩溪县瀛州营业所,绩溪县瀛州营业所,瀛州营业所,0
341825,2,341825,3418,旌德县,旌德县,旌德县,0
341825002,3,341825,3418,旌德县蔡家桥营业所,旌德县蔡家桥营业所,蔡家桥营业所,0
341825003,3,341825,3418,旌德县三溪镇营业所,旌德县三溪镇营业所,三溪镇营业所,0
341825004,3,341825,3418,旌德县俞村营业所,旌德县俞村营业所,俞村营业所,0
341825005,3,341825,3418,旌德县和平路营业所,旌德县和平路营业所,和平路营业所,0
341825006,3,341825,3418,旌德县白地镇营业所,旌德县白地镇营业所,白地镇营业所,0
341825007,3,341825,3418,旌德县庙首镇营业所,旌德县庙首镇营业所,庙首镇营业所,0
341825008,3,341825,3418,旌德县孙村营业所,旌德县孙村营业所,孙村营业所,0
341825012,3,341825,3418,旌德县城西营业所,旌德县城西营业所,城西营业所,0
341881,2,341881,3418,宁国市,宁国市,宁国市,0
341881002,3,341881,3418,宁国市港口镇营业所,宁国市港口镇营业所,港口镇营业所,0
341881003,3,341881,3418,宁国市山门镇营业所,宁国市山门镇营业所,山门镇营业所,0
341881004,3,341881,3418,宁国市梅林营业所,宁国市梅林营业所,梅林营业所,0
341881005,3,341881,3418,宁国市方塘营业所,宁国市方塘营业所,方塘营业所,0
341881006,3,341881,3418,宁国市仙霞营业所,宁国市仙霞营业所,仙霞营业所,0
341881007,3,341881,3418,宁国市霞西营业所,宁国市霞西营业所,霞西营业所,0
341881008,3,341881,3418,宁国市宁墩营业所,宁国市宁墩营业所,宁墩营业所,0
341881009,3,341881,3418,宁国市胡乐营业所,宁国市胡乐营业所,胡乐营业所,0
341881010,3,341881,3418,宁国市甲路营业所,宁国市甲路营业所,甲路营业所,0
341881011,3,341881,3418,宁国市北园营业所,宁国市北园营业所,北园营业所,0
341881013,3,341881,3418,宁国市河沥溪营业所,宁国市河沥溪营业所,河沥溪营业所,0
341881014,3,341881,3418,宁国市汪溪营业所,宁国市汪溪营业所,汪溪营业所,0
341881015,3,341881,3418,宁国市西津营业所,宁国市西津营业所,西津营业所,0
341881016,3,341881,3418,宁国市东岸路营业所,宁国市东岸路营业所,东岸路营业所,0
